airline,week,numFlights
AAB,9,0.0
AAB,10,0.0
AAB,11,100.0
AAB,12,0.0
AAB,13,0.0
AAB,14,0.0
AAB,15,0.0
AAB,16,0.0
AAB,17,0.0
AAB,18,0.0
AAL,9,97.0
AAL,10,97.0
AAL,11,100.0
AAL,12,91.0
AAL,13,61.0
AAL,14,39.0
AAL,15,38.0
AAL,16,29.0
AAL,17,24.0
AAL,18,23.0
AAR,9,88.0
AAR,10,74.0
AAR,11,49.0
AAR,12,40.0
AAR,13,37.0
AAR,14,31.0
AAR,15,31.0
AAR,16,31.0
AAR,17,33.0
AAR,18,34.0
AAV,9,83.0
AAV,10,43.0
AAV,11,0.0
AAV,12,0.0
AAV,13,0.0
AAV,14,0.0
AAV,15,0.0
AAV,16,0.0
AAV,17,0.0
AAV,18,0.0
AAW,9,90.0
AAW,10,70.0
AAW,11,100.0
AAW,12,40.0
AAW,13,0.0
AAW,14,0.0
AAW,15,0.0
AAW,16,0.0
AAW,17,0.0
AAW,18,0.0
AAY,9,92.0
AAY,10,91.0
AAY,11,100.0
AAY,12,96.0
AAY,13,56.0
AAY,14,15.0
AAY,15,10.0
AAY,16,8.0
AAY,17,7.0
AAY,18,9.0
ABB,9,0.0
ABB,10,0.0
ABB,11,0.0
ABB,12,100.0
ABB,13,100.0
ABB,14,0.0
ABB,15,0.0
ABB,16,0.0
ABB,17,0.0
ABB,18,0.0
ABD,9,25.0
ABD,10,42.0
ABD,11,54.0
ABD,12,46.0
ABD,13,100.0
ABD,14,67.0
ABD,15,38.0
ABD,16,25.0
ABD,17,33.0
ABD,18,46.0
ABG,9,80.0
ABG,10,90.0
ABG,11,70.0
ABG,12,60.0
ABG,13,70.0
ABG,14,20.0
ABG,15,0.0
ABG,16,0.0
ABG,17,0.0
ABG,18,0.0
ABL,9,79.0
ABL,10,48.0
ABL,11,20.0
ABL,12,17.0
ABL,13,15.0
ABL,14,27.0
ABL,15,34.0
ABL,16,27.0
ABL,17,23.0
ABL,18,24.0
ABN,9,47.0
ABN,10,87.0
ABN,11,93.0
ABN,12,80.0
ABN,13,53.0
ABN,14,40.0
ABN,15,0.0
ABN,16,0.0
ABN,17,7.0
ABN,18,7.0
ABQ,9,100.0
ABQ,10,93.0
ABQ,11,94.0
ABQ,12,91.0
ABQ,13,21.0
ABQ,14,0.0
ABQ,15,0.0
ABQ,16,0.0
ABQ,17,0.0
ABQ,18,0.0
ABR,9,100.0
ABR,10,43.0
ABR,11,0.0
ABR,12,0.0
ABR,13,0.0
ABR,14,0.0
ABR,15,0.0
ABR,16,0.0
ABR,17,0.0
ABR,18,0.0
ABW,9,42.0
ABW,10,59.0
ABW,11,71.0
ABW,12,98.0
ABW,13,100.0
ABW,14,98.0
ABW,15,73.0
ABW,16,53.0
ABW,17,51.0
ABW,18,68.0
ABX,9,93.0
ABX,10,95.0
ABX,11,92.0
ABX,12,88.0
ABX,13,87.0
ABX,14,93.0
ABX,15,100.0
ABX,16,94.0
ABX,17,83.0
ABX,18,83.0
ABY,9,87.0
ABY,10,91.0
ABY,11,77.0
ABY,12,51.0
ABY,13,13.0
ABY,14,0.0
ABY,15,0.0
ABY,16,0.0
ABY,17,1.0
ABY,18,1.0
ACA,9,94.0
ACA,10,99.0
ACA,11,100.0
ACA,12,90.0
ACA,13,57.0
ACA,14,26.0
ACA,15,18.0
ACA,16,13.0
ACA,17,12.0
ACA,18,10.0
ACI,9,42.0
ACI,10,33.0
ACI,11,25.0
ACI,12,25.0
ACI,13,8.0
ACI,14,0.0
ACI,15,0.0
ACI,16,0.0
ACI,17,0.0
ACI,18,0.0
ADO,9,91.0
ADO,10,93.0
ADO,11,88.0
ADO,12,85.0
ADO,13,81.0
ADO,14,81.0
ADO,15,66.0
ADO,16,55.0
ADO,17,40.0
ADO,18,26.0
AEA,9,99.0
AEA,10,90.0
AEA,11,86.0
AEA,12,61.0
AEA,13,10.0
AEA,14,2.0
AEA,15,2.0
AEA,16,2.0
AEA,17,2.0
AEA,18,2.0
AEE,9,86.0
AEE,10,70.0
AEE,11,61.0
AEE,12,41.0
AEE,13,10.0
AEE,14,0.0
AEE,15,0.0
AEE,16,0.0
AEE,17,0.0
AEE,18,0.0
AFG,9,50.0
AFG,10,67.0
AFG,11,100.0
AFG,12,83.0
AFG,13,17.0
AFG,14,17.0
AFG,15,17.0
AFG,16,0.0
AFG,17,17.0
AFG,18,17.0
AFL,9,99.0
AFL,10,95.0
AFL,11,92.0
AFL,12,77.0
AFL,13,62.0
AFL,14,38.0
AFL,15,12.0
AFL,16,10.0
AFL,17,8.0
AFL,18,10.0
AFR,9,100.0
AFR,10,84.0
AFR,11,74.0
AFR,12,54.0
AFR,13,19.0
AFR,14,4.0
AFR,15,2.0
AFR,16,2.0
AFR,17,2.0
AFR,18,2.0
AHK,9,82.0
AHK,10,85.0
AHK,11,96.0
AHK,12,99.0
AHK,13,95.0
AHK,14,96.0
AHK,15,96.0
AHK,16,90.0
AHK,17,95.0
AHK,18,100.0
AHY,9,90.0
AHY,10,91.0
AHY,11,100.0
AHY,12,79.0
AHY,13,10.0
AHY,14,1.0
AHY,15,0.0
AHY,16,0.0
AHY,17,0.0
AHY,18,0.0
AIC,9,99.0
AIC,10,99.0
AIC,11,100.0
AIC,12,92.0
AIC,13,37.0
AIC,14,1.0
AIC,15,2.0
AIC,16,1.0
AIC,17,1.0
AIC,18,0.0
AIE,9,62.0
AIE,10,15.0
AIE,11,0.0
AIE,12,8.0
AIE,13,0.0
AIE,14,0.0
AIE,15,0.0
AIE,16,0.0
AIE,17,8.0
AIE,18,15.0
AIJ,9,96.0
AIJ,10,82.0
AIJ,11,83.0
AIJ,12,76.0
AIJ,13,29.0
AIJ,14,5.0
AIJ,15,2.0
AIJ,16,1.0
AIJ,17,0.0
AIJ,18,0.0
AIP,9,71.0
AIP,10,70.0
AIP,11,66.0
AIP,12,69.0
AIP,13,69.0
AIP,14,61.0
AIP,15,69.0
AIP,16,73.0
AIP,17,81.0
AIP,18,100.0
AIQ,9,94.0
AIQ,10,93.0
AIQ,11,88.0
AIQ,12,80.0
AIQ,13,60.0
AIQ,14,34.0
AIQ,15,0.0
AIQ,16,0.0
AIQ,17,0.0
AIQ,18,0.0
AIZ,9,38.0
AIZ,10,29.0
AIZ,11,15.0
AIZ,12,0.0
AIZ,13,0.0
AIZ,14,6.0
AIZ,15,0.0
AIZ,16,0.0
AIZ,17,0.0
AIZ,18,0.0
AJK,9,0.0
AJK,10,0.0
AJK,11,0.0
AJK,12,0.0
AJK,13,0.0
AJK,14,100.0
AJK,15,0.0
AJK,16,0.0
AJK,17,0.0
AJK,18,0.0
AJT,9,85.0
AJT,10,97.0
AJT,11,100.0
AJT,12,92.0
AJT,13,85.0
AJT,14,84.0
AJT,15,82.0
AJT,16,58.0
AJT,17,70.0
AJT,18,62.0
AJX,9,79.0
AJX,10,57.0
AJX,11,43.0
AJX,12,43.0
AJX,13,0.0
AJX,14,29.0
AJX,15,7.0
AJX,16,36.0
AJX,17,21.0
AJX,18,36.0
ALK,9,90.0
ALK,10,89.0
ALK,11,89.0
ALK,12,66.0
ALK,13,8.0
ALK,14,4.0
ALK,15,3.0
ALK,16,3.0
ALK,17,3.0
ALK,18,2.0
AMB,9,0.0
AMB,10,0.0
AMB,11,0.0
AMB,12,0.0
AMB,13,0.0
AMB,14,0.0
AMB,15,0.0
AMB,16,0.0
AMB,17,0.0
AMB,18,0.0
AMC,9,94.0
AMC,10,82.0
AMC,11,72.0
AMC,12,42.0
AMC,13,11.0
AMC,14,7.0
AMC,15,7.0
AMC,16,8.0
AMC,17,7.0
AMC,18,8.0
AMU,9,16.0
AMU,10,34.0
AMU,11,35.0
AMU,12,41.0
AMU,13,26.0
AMU,14,8.0
AMU,15,6.0
AMU,16,8.0
AMU,17,6.0
AMU,18,7.0
AMX,9,72.0
AMX,10,66.0
AMX,11,69.0
AMX,12,67.0
AMX,13,44.0
AMX,14,22.0
AMX,15,13.0
AMX,16,9.0
AMX,17,6.0
AMX,18,5.0
ANA,9,88.0
ANA,10,86.0
ANA,11,78.0
ANA,12,71.0
ANA,13,70.0
ANA,14,64.0
ANA,15,57.0
ANA,16,41.0
ANA,17,18.0
ANA,18,13.0
ANE,9,0.0
ANE,10,0.0
ANE,11,100.0
ANE,12,0.0
ANE,13,0.0
ANE,14,0.0
ANE,15,0.0
ANE,16,0.0
ANE,17,0.0
ANE,18,0.0
ANG,9,73.0
ANG,10,55.0
ANG,11,64.0
ANG,12,64.0
ANG,13,36.0
ANG,14,23.0
ANG,15,32.0
ANG,16,18.0
ANG,17,14.0
ANG,18,14.0
ANO,9,81.0
ANO,10,100.0
ANO,11,81.0
ANO,12,77.0
ANO,13,62.0
ANO,14,8.0
ANO,15,4.0
ANO,16,0.0
ANO,17,0.0
ANO,18,4.0
ANT,9,90.0
ANT,10,90.0
ANT,11,100.0
ANT,12,90.0
ANT,13,67.0
ANT,14,29.0
ANT,15,5.0
ANT,16,0.0
ANT,17,5.0
ANT,18,0.0
ANZ,9,100.0
ANZ,10,98.0
ANZ,11,96.0
ANZ,12,89.0
ANZ,13,72.0
ANZ,14,21.0
ANZ,15,7.0
ANZ,16,7.0
ANZ,17,7.0
ANZ,18,5.0
APG,9,93.0
APG,10,91.0
APG,11,88.0
APG,12,39.0
APG,13,0.0
APG,14,0.0
APG,15,0.0
APG,16,0.0
APG,17,0.0
APG,18,0.0
APJ,9,90.0
APJ,10,77.0
APJ,11,69.0
APJ,12,69.0
APJ,13,64.0
APJ,14,60.0
APJ,15,59.0
APJ,16,23.0
APJ,17,25.0
APJ,18,17.0
APK,9,100.0
APK,10,0.0
APK,11,50.0
APK,12,0.0
APK,13,0.0
APK,14,0.0
APK,15,0.0
APK,16,0.0
APK,17,0.0
APK,18,0.0
ARG,9,93.0
ARG,10,63.0
ARG,11,92.0
ARG,12,74.0
ARG,13,10.0
ARG,14,2.0
ARG,15,1.0
ARG,16,0.0
ARG,17,1.0
ARG,18,1.0
ART,9,0.0
ART,10,0.0
ART,11,0.0
ART,12,50.0
ART,13,0.0
ART,14,0.0
ART,15,0.0
ART,16,0.0
ART,17,0.0
ART,18,0.0
ARU,9,50.0
ARU,10,50.0
ARU,11,50.0
ARU,12,0.0
ARU,13,100.0
ARU,14,0.0
ARU,15,0.0
ARU,16,0.0
ARU,17,0.0
ARU,18,0.0
ASA,9,95.0
ASA,10,93.0
ASA,11,94.0
ASA,12,90.0
ASA,13,76.0
ASA,14,51.0
ASA,15,29.0
ASA,16,13.0
ASA,17,12.0
ASA,18,12.0
ASH,9,98.0
ASH,10,93.0
ASH,11,95.0
ASH,12,93.0
ASH,13,66.0
ASH,14,42.0
ASH,15,39.0
ASH,16,25.0
ASH,17,21.0
ASH,18,20.0
ASJ,9,0.0
ASJ,10,0.0
ASJ,11,0.0
ASJ,12,0.0
ASJ,13,0.0
ASJ,14,0.0
ASJ,15,0.0
ASJ,16,0.0
ASJ,17,0.0
ASJ,18,0.0
ASL,9,89.0
ASL,10,66.0
ASL,11,53.0
ASL,12,38.0
ASL,13,2.0
ASL,14,4.0
ASL,15,1.0
ASL,16,3.0
ASL,17,3.0
ASL,18,0.0
ASQ,9,100.0
ASQ,10,95.0
ASQ,11,89.0
ASQ,12,89.0
ASQ,13,61.0
ASQ,14,31.0
ASQ,15,25.0
ASQ,16,21.0
ASQ,17,18.0
ASQ,18,17.0
ASV,9,86.0
ASV,10,20.0
ASV,11,0.0
ASV,12,0.0
ASV,13,0.0
ASV,14,0.0
ASV,15,0.0
ASV,16,0.0
ASV,17,0.0
ASV,18,0.0
ATG,9,0.0
ATG,10,14.0
ATG,11,71.0
ATG,12,93.0
ATG,13,36.0
ATG,14,100.0
ATG,15,29.0
ATG,16,29.0
ATG,17,0.0
ATG,18,0.0
ATN,9,96.0
ATN,10,94.0
ATN,11,93.0
ATN,12,87.0
ATN,13,89.0
ATN,14,90.0
ATN,15,87.0
ATN,16,83.0
ATN,17,84.0
ATN,18,83.0
AUA,9,97.0
AUA,10,100.0
AUA,11,74.0
AUA,12,34.0
AUA,13,1.0
AUA,14,1.0
AUA,15,1.0
AUA,16,1.0
AUA,17,1.0
AUA,18,1.0
AUI,9,94.0
AUI,10,90.0
AUI,11,85.0
AUI,12,48.0
AUI,13,3.0
AUI,14,1.0
AUI,15,0.0
AUI,16,0.0
AUI,17,0.0
AUI,18,0.0
AUL,9,73.0
AUL,10,69.0
AUL,11,78.0
AUL,12,72.0
AUL,13,70.0
AUL,14,43.0
AUL,15,14.0
AUL,16,16.0
AUL,17,10.0
AUL,18,11.0
AUR,9,87.0
AUR,10,87.0
AUR,11,53.0
AUR,12,73.0
AUR,13,27.0
AUR,14,0.0
AUR,15,0.0
AUR,16,0.0
AUR,17,0.0
AUR,18,0.0
AVA,9,98.0
AVA,10,89.0
AVA,11,91.0
AVA,12,78.0
AVA,13,27.0
AVA,14,0.0
AVA,15,0.0
AVA,16,0.0
AVA,17,0.0
AVA,18,0.0
AVJ,9,90.0
AVJ,10,30.0
AVJ,11,50.0
AVJ,12,30.0
AVJ,13,0.0
AVJ,14,0.0
AVJ,15,0.0
AVJ,16,0.0
AVJ,17,0.0
AVJ,18,0.0
AVN,9,70.0
AVN,10,74.0
AVN,11,81.0
AVN,12,67.0
AVN,13,22.0
AVN,14,0.0
AVN,15,0.0
AVN,16,0.0
AVN,17,0.0
AVN,18,0.0
AWC,9,100.0
AWC,10,100.0
AWC,11,67.0
AWC,12,67.0
AWC,13,67.0
AWC,14,0.0
AWC,15,0.0
AWC,16,0.0
AWC,17,0.0
AWC,18,0.0
AWI,9,100.0
AWI,10,89.0
AWI,11,83.0
AWI,12,81.0
AWI,13,53.0
AWI,14,37.0
AWI,15,25.0
AWI,16,21.0
AWI,17,18.0
AWI,18,19.0
AWQ,9,82.0
AWQ,10,85.0
AWQ,11,89.0
AWQ,12,81.0
AWQ,13,9.0
AWQ,14,2.0
AWQ,15,0.0
AWQ,16,0.0
AWQ,17,0.0
AWQ,18,0.0
AWT,9,100.0
AWT,10,56.0
AWT,11,19.0
AWT,12,0.0
AWT,13,0.0
AWT,14,0.0
AWT,15,0.0
AWT,16,0.0
AWT,17,0.0
AWT,18,0.0
AXB,9,89.0
AXB,10,93.0
AXB,11,90.0
AXB,12,90.0
AXB,13,19.0
AXB,14,0.0
AXB,15,0.0
AXB,16,1.0
AXB,17,1.0
AXB,18,1.0
AXE,9,50.0
AXE,10,0.0
AXE,11,0.0
AXE,12,0.0
AXE,13,0.0
AXE,14,100.0
AXE,15,0.0
AXE,16,0.0
AXE,17,0.0
AXE,18,100.0
AXM,9,88.0
AXM,10,82.0
AXM,11,77.0
AXM,12,64.0
AXM,13,5.0
AXM,14,1.0
AXM,15,1.0
AXM,16,1.0
AXM,17,0.0
AXM,18,1.0
AXY,9,0.0
AXY,10,0.0
AXY,11,0.0
AXY,12,0.0
AXY,13,100.0
AXY,14,0.0
AXY,15,0.0
AXY,16,0.0
AXY,17,0.0
AXY,18,0.0
AZA,9,88.0
AZA,10,73.0
AZA,11,42.0
AZA,12,17.0
AZA,13,14.0
AZA,14,11.0
AZA,15,10.0
AZA,16,7.0
AZA,17,6.0
AZA,18,7.0
AZG,9,69.0
AZG,10,69.0
AZG,11,88.0
AZG,12,100.0
AZG,13,69.0
AZG,14,84.0
AZG,15,75.0
AZG,16,81.0
AZG,17,88.0
AZG,18,97.0
AZO,9,100.0
AZO,10,95.0
AZO,11,99.0
AZO,12,96.0
AZO,13,76.0
AZO,14,65.0
AZO,15,38.0
AZO,16,35.0
AZO,17,40.0
AZO,18,41.0
AZU,9,79.0
AZU,10,94.0
AZU,11,96.0
AZU,12,79.0
AZU,13,34.0
AZU,14,4.0
AZU,15,1.0
AZU,16,0.0
AZU,17,0.0
AZU,18,0.0
BAV,9,82.0
BAV,10,91.0
BAV,11,71.0
BAV,12,44.0
BAV,13,14.0
BAV,14,3.0
BAV,15,1.0
BAV,16,4.0
BAV,17,11.0
BAV,18,39.0
BAW,9,100.0
BAW,10,98.0
BAW,11,93.0
BAW,12,72.0
BAW,13,33.0
BAW,14,15.0
BAW,15,8.0
BAW,16,6.0
BAW,17,7.0
BAW,18,6.0
BBC,9,75.0
BBC,10,88.0
BBC,11,75.0
BBC,12,25.0
BBC,13,0.0
BBC,14,0.0
BBC,15,0.0
BBC,16,0.0
BBC,17,0.0
BBC,18,0.0
BCS,9,88.0
BCS,10,88.0
BCS,11,75.0
BCS,12,88.0
BCS,13,100.0
BCS,14,94.0
BCS,15,91.0
BCS,16,70.0
BCS,17,82.0
BCS,18,69.0
BCY,9,0.0
BCY,10,0.0
BCY,11,0.0
BCY,12,0.0
BCY,13,0.0
BCY,14,0.0
BCY,15,0.0
BCY,16,0.0
BCY,17,0.0
BCY,18,0.0
BDR,9,83.0
BDR,10,67.0
BDR,11,83.0
BDR,12,33.0
BDR,13,17.0
BDR,14,0.0
BDR,15,0.0
BDR,16,0.0
BDR,17,0.0
BDR,18,0.0
BEE,9,78.0
BEE,10,39.0
BEE,11,0.0
BEE,12,0.0
BEE,13,0.0
BEE,14,0.0
BEE,15,0.0
BEE,16,0.0
BEE,17,0.0
BEE,18,0.0
BEL,9,100.0
BEL,10,97.0
BEL,11,75.0
BEL,12,44.0
BEL,13,3.0
BEL,14,1.0
BEL,15,0.0
BEL,16,0.0
BEL,17,0.0
BEL,18,0.0
BGA,9,44.0
BGA,10,56.0
BGA,11,67.0
BGA,12,11.0
BGA,13,33.0
BGA,14,11.0
BGA,15,44.0
BGA,16,0.0
BGA,17,44.0
BGA,18,22.0
BHS,9,71.0
BHS,10,57.0
BHS,11,86.0
BHS,12,76.0
BHS,13,33.0
BHS,14,0.0
BHS,15,0.0
BHS,16,0.0
BHS,17,0.0
BHS,18,0.0
BKP,9,100.0
BKP,10,95.0
BKP,11,87.0
BKP,12,79.0
BKP,13,53.0
BKP,14,20.0
BKP,15,7.0
BKP,16,0.0
BKP,17,0.0
BKP,18,0.0
BLX,9,83.0
BLX,10,81.0
BLX,11,81.0
BLX,12,60.0
BLX,13,33.0
BLX,14,10.0
BLX,15,0.0
BLX,16,0.0
BLX,17,0.0
BLX,18,0.0
BMJ,9,95.0
BMJ,10,89.0
BMJ,11,64.0
BMJ,12,64.0
BMJ,13,55.0
BMJ,14,76.0
BMJ,15,81.0
BMJ,16,77.0
BMJ,17,72.0
BMJ,18,83.0
BML,9,0.0
BML,10,0.0
BML,11,100.0
BML,12,100.0
BML,13,100.0
BML,14,0.0
BML,15,0.0
BML,16,0.0
BML,17,0.0
BML,18,0.0
BMS,9,0.0
BMS,10,0.0
BMS,11,0.0
BMS,12,0.0
BMS,13,0.0
BMS,14,0.0
BMS,15,0.0
BMS,16,0.0
BMS,17,0.0
BMS,18,0.0
BOS,9,80.0
BOS,10,53.0
BOS,11,40.0
BOS,12,47.0
BOS,13,0.0
BOS,14,0.0
BOS,15,0.0
BOS,16,0.0
BOS,17,0.0
BOS,18,0.0
BOV,9,100.0
BOV,10,87.0
BOV,11,76.0
BOV,12,68.0
BOV,13,9.0
BOV,14,1.0
BOV,15,0.0
BOV,16,0.0
BOV,17,0.0
BOV,18,1.0
BOX,9,98.0
BOX,10,97.0
BOX,11,97.0
BOX,12,96.0
BOX,13,95.0
BOX,14,90.0
BOX,15,91.0
BOX,16,88.0
BOX,17,91.0
BOX,18,89.0
BPA,9,79.0
BPA,10,74.0
BPA,11,39.0
BPA,12,18.0
BPA,13,3.0
BPA,14,3.0
BPA,15,0.0
BPA,16,0.0
BPA,17,0.0
BPA,18,0.0
BRQ,9,90.0
BRQ,10,30.0
BRQ,11,10.0
BRQ,12,0.0
BRQ,13,0.0
BRQ,14,0.0
BRQ,15,0.0
BRQ,16,0.0
BRQ,17,0.0
BRQ,18,0.0
BRU,9,96.0
BRU,10,96.0
BRU,11,97.0
BRU,12,82.0
BRU,13,43.0
BRU,14,26.0
BRU,15,17.0
BRU,16,13.0
BRU,17,14.0
BRU,18,16.0
BRX,9,72.0
BRX,10,96.0
BRX,11,100.0
BRX,12,80.0
BRX,13,21.0
BRX,14,18.0
BRX,15,4.0
BRX,16,0.0
BRX,17,0.0
BRX,18,0.0
BSK,9,68.0
BSK,10,87.0
BSK,11,92.0
BSK,12,53.0
BSK,13,28.0
BSK,14,7.0
BSK,15,0.0
BSK,16,2.0
BSK,17,0.0
BSK,18,1.0
BTI,9,95.0
BTI,10,79.0
BTI,11,72.0
BTI,12,36.0
BTI,13,2.0
BTI,14,1.0
BTI,15,0.0
BTI,16,1.0
BTI,17,1.0
BTI,18,1.0
BTK,9,73.0
BTK,10,73.0
BTK,11,88.0
BTK,12,69.0
BTK,13,59.0
BTK,14,49.0
BTK,15,36.0
BTK,16,37.0
BTK,17,32.0
BTK,18,3.0
BTN,9,100.0
BTN,10,88.0
BTN,11,12.0
BTN,12,0.0
BTN,13,0.0
BTN,14,0.0
BTN,15,0.0
BTN,16,0.0
BTN,17,0.0
BTN,18,0.0
BTQ,9,97.0
BTQ,10,96.0
BTQ,11,98.0
BTQ,12,92.0
BTQ,13,86.0
BTQ,14,93.0
BTQ,15,96.0
BTQ,16,87.0
BTQ,17,91.0
BTQ,18,92.0
BTZ,9,0.0
BTZ,10,0.0
BTZ,11,0.0
BTZ,12,0.0
BTZ,13,0.0
BTZ,14,0.0
BTZ,15,0.0
BTZ,16,0.0
BTZ,17,0.0
BTZ,18,0.0
BWA,9,100.0
BWA,10,95.0
BWA,11,94.0
BWA,12,72.0
BWA,13,15.0
BWA,14,3.0
BWA,15,3.0
BWA,16,2.0
BWA,17,2.0
BWA,18,1.0
CAI,9,71.0
CAI,10,14.0
CAI,11,14.0
CAI,12,29.0
CAI,13,57.0
CAI,14,0.0
CAI,15,0.0
CAI,16,0.0
CAI,17,0.0
CAI,18,0.0
CAL,9,63.0
CAL,10,54.0
CAL,11,47.0
CAL,12,47.0
CAL,13,43.0
CAL,14,40.0
CAL,15,40.0
CAL,16,41.0
CAL,17,40.0
CAL,18,39.0
CAO,9,75.0
CAO,10,79.0
CAO,11,73.0
CAO,12,90.0
CAO,13,86.0
CAO,14,86.0
CAO,15,89.0
CAO,16,94.0
CAO,17,100.0
CAO,18,84.0
CAV,9,33.0
CAV,10,44.0
CAV,11,67.0
CAV,12,33.0
CAV,13,11.0
CAV,14,0.0
CAV,15,0.0
CAV,16,33.0
CAV,17,11.0
CAV,18,22.0
CAW,9,89.0
CAW,10,93.0
CAW,11,100.0
CAW,12,94.0
CAW,13,65.0
CAW,14,0.0
CAW,15,0.0
CAW,16,0.0
CAW,17,0.0
CAW,18,0.0
CAY,9,2.0
CAY,10,9.0
CAY,11,6.0
CAY,12,6.0
CAY,13,2.0
CAY,14,2.0
CAY,15,4.0
CAY,16,2.0
CAY,17,0.0
CAY,18,2.0
CBG,9,97.0
CBG,10,80.0
CBG,11,43.0
CBG,12,40.0
CBG,13,40.0
CBG,14,40.0
CBG,15,50.0
CBG,16,53.0
CBG,17,67.0
CBG,18,50.0
CBJ,9,36.0
CBJ,10,32.0
CBJ,11,37.0
CBJ,12,40.0
CBJ,13,17.0
CBJ,14,45.0
CBJ,15,49.0
CBJ,16,47.0
CBJ,17,52.0
CBJ,18,52.0
CCA,9,40.0
CCA,10,47.0
CCA,11,46.0
CCA,12,41.0
CCA,13,31.0
CCA,14,43.0
CCA,15,42.0
CCA,16,42.0
CCA,17,50.0
CCA,18,46.0
CCM,9,96.0
CCM,10,65.0
CCM,11,55.0
CCM,12,44.0
CCM,13,11.0
CCM,14,5.0
CCM,15,0.0
CCM,16,2.0
CCM,17,0.0
CCM,18,0.0
CDC,9,77.0
CDC,10,94.0
CDC,11,84.0
CDC,12,39.0
CDC,13,45.0
CDC,14,81.0
CDC,15,97.0
CDC,16,100.0
CDC,17,94.0
CDC,18,100.0
CDG,9,26.0
CDG,10,55.0
CDG,11,39.0
CDG,12,20.0
CDG,13,28.0
CDG,14,36.0
CDG,15,42.0
CDG,16,66.0
CDG,17,77.0
CDG,18,69.0
CEB,9,93.0
CEB,10,90.0
CEB,11,84.0
CEB,12,24.0
CEB,13,0.0
CEB,14,0.0
CEB,15,0.0
CEB,16,0.0
CEB,17,0.0
CEB,18,0.0
CEL,9,80.0
CEL,10,60.0
CEL,11,60.0
CEL,12,0.0
CEL,13,0.0
CEL,14,0.0
CEL,15,0.0
CEL,16,0.0
CEL,17,0.0
CEL,18,0.0
CES,9,22.0
CES,10,33.0
CES,11,32.0
CES,12,29.0
CES,13,23.0
CES,14,28.0
CES,15,28.0
CES,16,28.0
CES,17,33.0
CES,18,32.0
CFE,9,95.0
CFE,10,100.0
CFE,11,89.0
CFE,12,40.0
CFE,13,6.0
CFE,14,0.0
CFE,15,0.0
CFE,16,0.0
CFE,17,0.0
CFE,18,0.0
CFG,9,98.0
CFG,10,100.0
CFG,11,95.0
CFG,12,99.0
CFG,13,68.0
CFG,14,18.0
CFG,15,4.0
CFG,16,5.0
CFG,17,4.0
CFG,18,11.0
CFS,9,96.0
CFS,10,84.0
CFS,11,78.0
CFS,12,74.0
CFS,13,77.0
CFS,14,76.0
CFS,15,83.0
CFS,16,86.0
CFS,17,87.0
CFS,18,83.0
CGH,9,0.0
CGH,10,50.0
CGH,11,25.0
CGH,12,0.0
CGH,13,0.0
CGH,14,0.0
CGH,15,0.0
CGH,16,25.0
CGH,17,25.0
CGH,18,25.0
CGN,9,58.0
CGN,10,47.0
CGN,11,21.0
CGN,12,21.0
CGN,13,0.0
CGN,14,0.0
CGN,15,21.0
CGN,16,11.0
CGN,17,21.0
CGN,18,16.0
CGZ,9,0.0
CGZ,10,25.0
CGZ,11,38.0
CGZ,12,13.0
CGZ,13,13.0
CGZ,14,50.0
CGZ,15,25.0
CGZ,16,25.0
CGZ,17,25.0
CGZ,18,25.0
CHB,9,65.0
CHB,10,79.0
CHB,11,84.0
CHB,12,66.0
CHB,13,59.0
CHB,14,60.0
CHB,15,79.0
CHB,16,89.0
CHB,17,94.0
CHB,18,88.0
CHH,9,27.0
CHH,10,37.0
CHH,11,39.0
CHH,12,44.0
CHH,13,36.0
CHH,14,61.0
CHH,15,61.0
CHH,16,68.0
CHH,17,63.0
CHH,18,60.0
CJT,9,72.0
CJT,10,91.0
CJT,11,95.0
CJT,12,95.0
CJT,13,100.0
CJT,14,97.0
CJT,15,97.0
CJT,16,84.0
CJT,17,97.0
CJT,18,98.0
CJX,9,50.0
CJX,10,0.0
CJX,11,0.0
CJX,12,0.0
CJX,13,0.0
CJX,14,50.0
CJX,15,0.0
CJX,16,50.0
CJX,17,0.0
CJX,18,100.0
CKK,9,79.0
CKK,10,97.0
CKK,11,100.0
CKK,12,84.0
CKK,13,68.0
CKK,14,97.0
CKK,15,79.0
CKK,16,71.0
CKK,17,83.0
CKK,18,86.0
CKS,9,64.0
CKS,10,70.0
CKS,11,76.0
CKS,12,73.0
CKS,13,87.0
CKS,14,90.0
CKS,15,100.0
CKS,16,96.0
CKS,17,93.0
CKS,18,94.0
CLG,9,0.0
CLG,10,29.0
CLG,11,71.0
CLG,12,24.0
CLG,13,0.0
CLG,14,0.0
CLG,15,0.0
CLG,16,0.0
CLG,17,0.0
CLG,18,0.0
CLU,9,0.0
CLU,10,0.0
CLU,11,0.0
CLU,12,0.0
CLU,13,0.0
CLU,14,0.0
CLU,15,0.0
CLU,16,0.0
CLU,17,0.0
CLU,18,0.0
CLX,9,74.0
CLX,10,90.0
CLX,11,93.0
CLX,12,100.0
CLX,13,91.0
CLX,14,91.0
CLX,15,87.0
CLX,16,83.0
CLX,17,86.0
CLX,18,92.0
CMP,9,93.0
CMP,10,83.0
CMP,11,89.0
CMP,12,79.0
CMP,13,21.0
CMP,14,0.0
CMP,15,0.0
CMP,16,0.0
CMP,17,0.0
CMP,18,0.0
CND,9,81.0
CND,10,78.0
CND,11,78.0
CND,12,100.0
CND,13,52.0
CND,14,11.0
CND,15,0.0
CND,16,0.0
CND,17,11.0
CND,18,0.0
CPA,9,44.0
CPA,10,40.0
CPA,11,34.0
CPA,12,31.0
CPA,13,30.0
CPA,14,18.0
CPA,15,16.0
CPA,16,15.0
CPA,17,16.0
CPA,18,18.0
CPZ,9,86.0
CPZ,10,76.0
CPZ,11,70.0
CPZ,12,69.0
CPZ,13,56.0
CPZ,14,29.0
CPZ,15,2.0
CPZ,16,0.0
CPZ,17,0.0
CPZ,18,0.0
CQH,9,58.0
CQH,10,70.0
CQH,11,54.0
CQH,12,41.0
CQH,13,50.0
CQH,14,32.0
CQH,15,23.0
CQH,16,26.0
CQH,17,25.0
CQH,18,23.0
CQN,9,49.0
CQN,10,62.0
CQN,11,45.0
CQN,12,45.0
CQN,13,21.0
CQN,14,37.0
CQN,15,51.0
CQN,16,62.0
CQN,17,80.0
CQN,18,55.0
CRK,9,30.0
CRK,10,26.0
CRK,11,19.0
CRK,12,14.0
CRK,13,14.0
CRK,14,12.0
CRK,15,12.0
CRK,16,14.0
CRK,17,15.0
CRK,18,15.0
CRL,9,97.0
CRL,10,94.0
CRL,11,92.0
CRL,12,80.0
CRL,13,50.0
CRL,14,0.0
CRL,15,0.0
CRL,16,0.0
CRL,17,0.0
CRL,18,0.0
CSA,9,88.0
CSA,10,79.0
CSA,11,78.0
CSA,12,20.0
CSA,13,0.0
CSA,14,0.0
CSA,15,0.0
CSA,16,0.0
CSA,17,0.0
CSA,18,0.0
CSC,9,60.0
CSC,10,68.0
CSC,11,46.0
CSC,12,14.0
CSC,13,6.0
CSC,14,23.0
CSC,15,31.0
CSC,16,33.0
CSC,17,41.0
CSC,18,36.0
CSH,9,13.0
CSH,10,10.0
CSH,11,6.0
CSH,12,3.0
CSH,13,5.0
CSH,14,3.0
CSH,15,6.0
CSH,16,9.0
CSH,17,7.0
CSH,18,6.0
CSN,9,25.0
CSN,10,45.0
CSN,11,49.0
CSN,12,52.0
CSN,13,43.0
CSN,14,46.0
CSN,15,38.0
CSN,16,49.0
CSN,17,55.0
CSN,18,52.0
CSS,9,0.0
CSS,10,50.0
CSS,11,100.0
CSS,12,0.0
CSS,13,0.0
CSS,14,0.0
CSS,15,0.0
CSS,16,0.0
CSS,17,0.0
CSS,18,0.0
CSZ,9,34.0
CSZ,10,72.0
CSZ,11,66.0
CSZ,12,65.0
CSZ,13,57.0
CSZ,14,58.0
CSZ,15,51.0
CSZ,16,54.0
CSZ,17,64.0
CSZ,18,71.0
CTN,9,97.0
CTN,10,88.0
CTN,11,85.0
CTN,12,66.0
CTN,13,32.0
CTN,14,13.0
CTN,15,7.0
CTN,16,5.0
CTN,17,4.0
CTN,18,4.0
CTV,9,60.0
CTV,10,67.0
CTV,11,87.0
CTV,12,72.0
CTV,13,62.0
CTV,14,66.0
CTV,15,52.0
CTV,16,50.0
CTV,17,45.0
CTV,18,2.0
CUA,9,67.0
CUA,10,67.0
CUA,11,33.0
CUA,12,33.0
CUA,13,33.0
CUA,14,0.0
CUA,15,0.0
CUA,16,0.0
CUA,17,33.0
CUA,18,33.0
CUB,9,50.0
CUB,10,50.0
CUB,11,75.0
CUB,12,75.0
CUB,13,25.0
CUB,14,0.0
CUB,15,0.0
CUB,16,0.0
CUB,17,0.0
CUB,18,0.0
CXA,9,49.0
CXA,10,55.0
CXA,11,55.0
CXA,12,53.0
CXA,13,49.0
CXA,14,46.0
CXA,15,52.0
CXA,16,57.0
CXA,17,51.0
CXA,18,50.0
CXB,9,100.0
CXB,10,13.0
CXB,11,13.0
CXB,12,0.0
CXB,13,25.0
CXB,14,0.0
CXB,15,25.0
CXB,16,25.0
CXB,17,13.0
CXB,18,0.0
CXI,9,97.0
CXI,10,61.0
CXI,11,33.0
CXI,12,42.0
CXI,13,18.0
CXI,14,0.0
CXI,15,0.0
CXI,16,0.0
CXI,17,0.0
CXI,18,0.0
CYP,9,53.0
CYP,10,65.0
CYP,11,57.0
CYP,12,33.0
CYP,13,0.0
CYP,14,0.0
CYP,15,0.0
CYP,16,0.0
CYP,17,0.0
CYP,18,0.0
DAH,9,100.0
DAH,10,77.0
DAH,11,66.0
DAH,12,30.0
DAH,13,0.0
DAH,14,0.0
DAH,15,0.0
DAH,16,0.0
DAH,17,1.0
DAH,18,1.0
DAL,9,100.0
DAL,10,94.0
DAL,11,92.0
DAL,12,92.0
DAL,13,46.0
DAL,14,32.0
DAL,15,21.0
DAL,16,19.0
DAL,17,17.0
DAL,18,17.0
DCS,9,9.0
DCS,10,45.0
DCS,11,45.0
DCS,12,36.0
DCS,13,0.0
DCS,14,0.0
DCS,15,36.0
DCS,16,0.0
DCS,17,9.0
DCS,18,0.0
DHK,9,21.0
DHK,10,21.0
DHK,11,21.0
DHK,12,33.0
DHK,13,63.0
DHK,14,83.0
DHK,15,100.0
DHK,16,92.0
DHK,17,92.0
DHK,18,92.0
DJT,9,88.0
DJT,10,80.0
DJT,11,80.0
DJT,12,44.0
DJT,13,0.0
DJT,14,0.0
DJT,15,0.0
DJT,16,0.0
DJT,17,0.0
DJT,18,0.0
DKH,9,26.0
DKH,10,43.0
DKH,11,37.0
DKH,12,37.0
DKH,13,40.0
DKH,14,32.0
DKH,15,18.0
DKH,16,17.0
DKH,17,22.0
DKH,18,21.0
DLA,9,98.0
DLA,10,89.0
DLA,11,55.0
DLA,12,14.0
DLA,13,0.0
DLA,14,0.0
DLA,15,0.0
DLA,16,0.0
DLA,17,0.0
DLA,18,0.0
DLH,9,100.0
DLH,10,97.0
DLH,11,76.0
DLH,12,45.0
DLH,13,13.0
DLH,14,4.0
DLH,15,2.0
DLH,16,2.0
DLH,17,3.0
DLH,18,3.0
DQA,9,0.0
DQA,10,50.0
DQA,11,100.0
DQA,12,100.0
DQA,13,0.0
DQA,14,0.0
DQA,15,0.0
DQA,16,0.0
DQA,17,0.0
DQA,18,0.0
DRK,9,65.0
DRK,10,100.0
DRK,11,60.0
DRK,12,20.0
DRK,13,25.0
DRK,14,0.0
DRK,15,10.0
DRK,16,5.0
DRK,17,0.0
DRK,18,0.0
DSM,9,76.0
DSM,10,76.0
DSM,11,94.0
DSM,12,6.0
DSM,13,0.0
DSM,14,0.0
DSM,15,0.0
DSM,16,0.0
DSM,17,0.0
DSM,18,0.0
DTA,9,92.0
DTA,10,100.0
DTA,11,95.0
DTA,12,81.0
DTA,13,0.0
DTA,14,8.0
DTA,15,5.0
DTA,16,5.0
DTA,17,8.0
DTA,18,3.0
DTH,9,100.0
DTH,10,100.0
DTH,11,100.0
DTH,12,50.0
DTH,13,0.0
DTH,14,0.0
DTH,15,0.0
DTH,16,0.0
DTH,17,0.0
DTH,18,0.0
DTR,9,89.0
DTR,10,82.0
DTR,11,79.0
DTR,12,46.0
DTR,13,21.0
DTR,14,7.0
DTR,15,0.0
DTR,16,0.0
DTR,17,0.0
DTR,18,0.0
ECO,9,85.0
ECO,10,74.0
ECO,11,57.0
ECO,12,49.0
ECO,13,0.0
ECO,14,0.0
ECO,15,0.0
ECO,16,0.0
ECO,17,0.0
ECO,18,0.0
EDC,9,0.0
EDC,10,0.0
EDC,11,100.0
EDC,12,0.0
EDC,13,0.0
EDC,14,0.0
EDC,15,0.0
EDC,16,0.0
EDC,17,0.0
EDC,18,0.0
EDR,9,100.0
EDR,10,87.0
EDR,11,73.0
EDR,12,53.0
EDR,13,20.0
EDR,14,0.0
EDR,15,0.0
EDR,16,0.0
EDR,17,0.0
EDR,18,0.0
EDV,9,99.0
EDV,10,95.0
EDV,11,95.0
EDV,12,100.0
EDV,13,73.0
EDV,14,48.0
EDV,15,16.0
EDV,16,16.0
EDV,17,12.0
EDV,18,10.0
EDW,9,96.0
EDW,10,92.0
EDW,11,91.0
EDW,12,78.0
EDW,13,39.0
EDW,14,16.0
EDW,15,1.0
EDW,16,1.0
EDW,17,0.0
EDW,18,0.0
EIN,9,100.0
EIN,10,82.0
EIN,11,76.0
EIN,12,79.0
EIN,13,57.0
EIN,14,29.0
EIN,15,12.0
EIN,16,10.0
EIN,17,10.0
EIN,18,10.0
EJA,9,79.0
EJA,10,93.0
EJA,11,100.0
EJA,12,83.0
EJA,13,33.0
EJA,14,18.0
EJA,15,13.0
EJA,16,12.0
EJA,17,16.0
EJA,18,22.0
EJU,9,100.0
EJU,10,52.0
EJU,11,30.0
EJU,12,24.0
EJU,13,4.0
EJU,14,0.0
EJU,15,0.0
EJU,16,0.0
EJU,17,0.0
EJU,18,0.0
ELB,9,82.0
ELB,10,73.0
ELB,11,82.0
ELB,12,82.0
ELB,13,3.0
ELB,14,0.0
ELB,15,0.0
ELB,16,0.0
ELB,17,0.0
ELB,18,0.0
ELY,9,96.0
ELY,10,77.0
ELY,11,33.0
ELY,12,10.0
ELY,13,3.0
ELY,14,1.0
ELY,15,1.0
ELY,16,1.0
ELY,17,2.0
ELY,18,2.0
ENT,9,100.0
ENT,10,44.0
ENT,11,56.0
ENT,12,44.0
ENT,13,0.0
ENT,14,0.0
ENT,15,0.0
ENT,16,0.0
ENT,17,0.0
ENT,18,0.0
ENY,9,98.0
ENY,10,94.0
ENY,11,96.0
ENY,12,94.0
ENY,13,71.0
ENY,14,49.0
ENY,15,38.0
ENY,16,31.0
ENY,17,23.0
ENY,18,22.0
EPA,9,64.0
EPA,10,60.0
EPA,11,45.0
EPA,12,35.0
EPA,13,34.0
EPA,14,66.0
EPA,15,92.0
EPA,16,90.0
EPA,17,98.0
EPA,18,100.0
ERN,9,0.0
ERN,10,0.0
ERN,11,0.0
ERN,12,0.0
ERN,13,0.0
ERN,14,0.0
ERN,15,0.0
ERN,16,0.0
ERN,17,0.0
ERN,18,0.0
ESF,9,0.0
ESF,10,0.0
ESF,11,0.0
ESF,12,0.0
ESF,13,60.0
ESF,14,80.0
ESF,15,40.0
ESF,16,40.0
ESF,17,80.0
ESF,18,100.0
ESR,9,73.0
ESR,10,60.0
ESR,11,41.0
ESR,12,34.0
ESR,13,19.0
ESR,14,0.0
ESR,15,0.0
ESR,16,0.0
ESR,17,0.0
ESR,18,0.0
EST,9,0.0
EST,10,0.0
EST,11,0.0
EST,12,0.0
EST,13,100.0
EST,14,0.0
EST,15,0.0
EST,16,0.0
EST,17,0.0
EST,18,0.0
ETD,9,96.0
ETD,10,93.0
ETD,11,93.0
ETD,12,79.0
ETD,13,40.0
ETD,14,7.0
ETD,15,11.0
ETD,16,15.0
ETD,17,17.0
ETD,18,19.0
ETH,9,81.0
ETH,10,81.0
ETH,11,77.0
ETH,12,71.0
ETH,13,55.0
ETH,14,25.0
ETH,15,15.0
ETH,16,17.0
ETH,17,20.0
ETH,18,17.0
EVA,9,68.0
EVA,10,61.0
EVA,11,54.0
EVA,12,49.0
EVA,13,34.0
EVA,14,27.0
EVA,15,26.0
EVA,16,31.0
EVA,17,31.0
EVA,18,34.0
EVE,9,94.0
EVE,10,75.0
EVE,11,100.0
EVE,12,94.0
EVE,13,50.0
EVE,14,6.0
EVE,15,0.0
EVE,16,0.0
EVE,17,0.0
EVE,18,0.0
EWG,9,100.0
EWG,10,98.0
EWG,11,86.0
EWG,12,70.0
EWG,13,21.0
EWG,14,7.0
EWG,15,4.0
EWG,16,3.0
EWG,17,3.0
EWG,18,3.0
EXS,9,100.0
EXS,10,89.0
EXS,11,87.0
EXS,12,73.0
EXS,13,25.0
EXS,14,0.0
EXS,15,0.0
EXS,16,0.0
EXS,17,0.0
EXS,18,0.0
EZS,9,100.0
EZS,10,76.0
EZS,11,71.0
EZS,12,68.0
EZS,13,11.0
EZS,14,0.0
EZS,15,0.0
EZS,16,0.0
EZS,17,0.0
EZS,18,0.0
EZY,9,100.0
EZY,10,78.0
EZY,11,69.0
EZY,12,60.0
EZY,13,18.0
EZY,14,0.0
EZY,15,0.0
EZY,16,0.0
EZY,17,0.0
EZY,18,0.0
FAB,9,88.0
FAB,10,88.0
FAB,11,63.0
FAB,12,38.0
FAB,13,0.0
FAB,14,0.0
FAB,15,0.0
FAB,16,0.0
FAB,17,0.0
FAB,18,0.0
FAD,9,91.0
FAD,10,96.0
FAD,11,88.0
FAD,12,80.0
FAD,13,7.0
FAD,14,0.0
FAD,15,0.0
FAD,16,0.0
FAD,17,0.0
FAD,18,0.0
FBA,9,71.0
FBA,10,14.0
FBA,11,0.0
FBA,12,14.0
FBA,13,0.0
FBA,14,0.0
FBA,15,0.0
FBA,16,0.0
FBA,17,0.0
FBA,18,0.0
FBU,9,52.0
FBU,10,52.0
FBU,11,52.0
FBU,12,39.0
FBU,13,19.0
FBU,14,6.0
FBU,15,0.0
FBU,16,0.0
FBU,17,0.0
FBU,18,0.0
FCK,9,100.0
FCK,10,57.0
FCK,11,0.0
FCK,12,0.0
FCK,13,0.0
FCK,14,0.0
FCK,15,0.0
FCK,16,0.0
FCK,17,0.0
FCK,18,0.0
FDA,9,0.0
FDA,10,0.0
FDA,11,0.0
FDA,12,0.0
FDA,13,0.0
FDA,14,0.0
FDA,15,0.0
FDA,16,0.0
FDA,17,0.0
FDA,18,0.0
FDB,9,88.0
FDB,10,87.0
FDB,11,70.0
FDB,12,45.0
FDB,13,11.0
FDB,14,0.0
FDB,15,0.0
FDB,16,0.0
FDB,17,0.0
FDB,18,0.0
FDX,9,94.0
FDX,10,93.0
FDX,11,93.0
FDX,12,93.0
FDX,13,94.0
FDX,14,92.0
FDX,15,93.0
FDX,16,92.0
FDX,17,95.0
FDX,18,93.0
FEG,9,81.0
FEG,10,63.0
FEG,11,56.0
FEG,12,50.0
FEG,13,19.0
FEG,14,0.0
FEG,15,0.0
FEG,16,0.0
FEG,17,0.0
FEG,18,0.0
FFT,9,92.0
FFT,10,90.0
FFT,11,96.0
FFT,12,96.0
FFT,13,71.0
FFT,14,15.0
FFT,15,4.0
FFT,16,2.0
FFT,17,1.0
FFT,18,1.0
FHY,9,50.0
FHY,10,38.0
FHY,11,31.0
FHY,12,31.0
FHY,13,6.0
FHY,14,0.0
FHY,15,0.0
FHY,16,0.0
FHY,17,0.0
FHY,18,0.0
FIA,9,64.0
FIA,10,64.0
FIA,11,64.0
FIA,12,24.0
FIA,13,4.0
FIA,14,4.0
FIA,15,4.0
FIA,16,0.0
FIA,17,0.0
FIA,18,0.0
FIN,9,82.0
FIN,10,94.0
FIN,11,99.0
FIN,12,66.0
FIN,13,20.0
FIN,14,11.0
FIN,15,7.0
FIN,16,9.0
FIN,17,9.0
FIN,18,9.0
FJI,9,82.0
FJI,10,82.0
FJI,11,74.0
FJI,12,70.0
FJI,13,18.0
FJI,14,0.0
FJI,15,0.0
FJI,16,0.0
FJI,17,1.0
FJI,18,1.0
FLE,9,59.0
FLE,10,0.0
FLE,11,0.0
FLE,12,0.0
FLE,13,0.0
FLE,14,32.0
FLE,15,0.0
FLE,16,0.0
FLE,17,0.0
FLE,18,0.0
FLI,9,83.0
FLI,10,84.0
FLI,11,86.0
FLI,12,53.0
FLI,13,5.0
FLI,14,9.0
FLI,15,5.0
FLI,16,5.0
FLI,17,7.0
FLI,18,5.0
FOO,9,99.0
FOO,10,100.0
FOO,11,96.0
FOO,12,36.0
FOO,13,1.0
FOO,14,0.0
FOO,15,0.0
FOO,16,0.0
FOO,17,0.0
FOO,18,0.0
FPO,9,91.0
FPO,10,53.0
FPO,11,59.0
FPO,12,31.0
FPO,13,6.0
FPO,14,0.0
FPO,15,0.0
FPO,16,0.0
FPO,17,0.0
FPO,18,0.0
FWI,9,98.0
FWI,10,85.0
FWI,11,75.0
FWI,12,70.0
FWI,13,29.0
FWI,14,1.0
FWI,15,0.0
FWI,16,0.0
FWI,17,0.0
FWI,18,0.0
FXI,9,96.0
FXI,10,93.0
FXI,11,100.0
FXI,12,82.0
FXI,13,36.0
FXI,14,36.0
FXI,15,11.0
FXI,16,22.0
FXI,17,29.0
FXI,18,22.0
FZA,9,35.0
FZA,10,50.0
FZA,11,40.0
FZA,12,100.0
FZA,13,25.0
FZA,14,30.0
FZA,15,25.0
FZA,16,10.0
FZA,17,25.0
FZA,18,35.0
GAF,9,0.0
GAF,10,38.0
GAF,11,50.0
GAF,12,0.0
GAF,13,0.0
GAF,14,0.0
GAF,15,0.0
GAF,16,0.0
GAF,17,50.0
GAF,18,0.0
GCR,9,26.0
GCR,10,55.0
GCR,11,61.0
GCR,12,39.0
GCR,13,29.0
GCR,14,17.0
GCR,15,10.0
GCR,16,19.0
GCR,17,39.0
GCR,18,17.0
GEC,9,81.0
GEC,10,86.0
GEC,11,93.0
GEC,12,94.0
GEC,13,89.0
GEC,14,100.0
GEC,15,93.0
GEC,16,88.0
GEC,17,90.0
GEC,18,80.0
GFA,9,90.0
GFA,10,74.0
GFA,11,57.0
GFA,12,44.0
GFA,13,8.0
GFA,14,1.0
GFA,15,0.0
GFA,16,0.0
GFA,17,1.0
GFA,18,1.0
GGN,9,0.0
GGN,10,0.0
GGN,11,4.0
GGN,12,0.0
GGN,13,0.0
GGN,14,0.0
GGN,15,4.0
GGN,16,0.0
GGN,17,0.0
GGN,18,0.0
GIA,9,72.0
GIA,10,78.0
GIA,11,90.0
GIA,12,69.0
GIA,13,37.0
GIA,14,20.0
GIA,15,14.0
GIA,16,13.0
GIA,17,13.0
GIA,18,4.0
GJS,9,95.0
GJS,10,85.0
GJS,11,92.0
GJS,12,94.0
GJS,13,65.0
GJS,14,51.0
GJS,15,26.0
GJS,16,20.0
GJS,17,17.0
GJS,18,17.0
GJT,9,50.0
GJT,10,0.0
GJT,11,0.0
GJT,12,100.0
GJT,13,50.0
GJT,14,0.0
GJT,15,0.0
GJT,16,0.0
GJT,17,50.0
GJT,18,0.0
GLO,9,82.0
GLO,10,89.0
GLO,11,89.0
GLO,12,80.0
GLO,13,36.0
GLO,14,4.0
GLO,15,1.0
GLO,16,1.0
GLO,17,2.0
GLO,18,1.0
GOW,9,99.0
GOW,10,98.0
GOW,11,100.0
GOW,12,85.0
GOW,13,15.0
GOW,14,0.0
GOW,15,0.0
GOW,16,0.0
GOW,17,0.0
GOW,18,0.0
GPD,9,27.0
GPD,10,97.0
GPD,11,100.0
GPD,12,61.0
GPD,13,30.0
GPD,14,3.0
GPD,15,6.0
GPD,16,0.0
GPD,17,0.0
GPD,18,9.0
GRL,9,50.0
GRL,10,67.0
GRL,11,67.0
GRL,12,100.0
GRL,13,33.0
GRL,14,0.0
GRL,15,0.0
GRL,16,0.0
GRL,17,0.0
GRL,18,0.0
GSW,9,80.0
GSW,10,76.0
GSW,11,78.0
GSW,12,71.0
GSW,13,4.0
GSW,14,4.0
GSW,15,10.0
GSW,16,4.0
GSW,17,2.0
GSW,18,10.0
GTI,9,85.0
GTI,10,96.0
GTI,11,100.0
GTI,12,93.0
GTI,13,100.0
GTI,14,90.0
GTI,15,79.0
GTI,16,76.0
GTI,17,77.0
GTI,18,78.0
GWI,9,91.0
GWI,10,82.0
GWI,11,41.0
GWI,12,100.0
GWI,13,77.0
GWI,14,32.0
GWI,15,0.0
GWI,16,0.0
GWI,17,0.0
GWI,18,0.0
GZP,9,44.0
GZP,10,11.0
GZP,11,89.0
GZP,12,11.0
GZP,13,44.0
GZP,14,22.0
GZP,15,0.0
GZP,16,0.0
GZP,17,0.0
GZP,18,0.0
HAL,9,97.0
HAL,10,97.0
HAL,11,96.0
HAL,12,93.0
HAL,13,89.0
HAL,14,4.0
HAL,15,5.0
HAL,16,5.0
HAL,17,5.0
HAL,18,4.0
HBH,9,14.0
HBH,10,29.0
HBH,11,0.0
HBH,12,14.0
HBH,13,14.0
HBH,14,29.0
HBH,15,86.0
HBH,16,86.0
HBH,17,100.0
HBH,18,14.0
HDA,9,23.0
HDA,10,22.0
HDA,11,19.0
HDA,12,19.0
HDA,13,17.0
HDA,14,13.0
HDA,15,11.0
HDA,16,12.0
HDA,17,14.0
HDA,18,19.0
HES,9,100.0
HES,10,100.0
HES,11,74.0
HES,12,96.0
HES,13,17.0
HES,14,0.0
HES,15,0.0
HES,16,0.0
HES,17,0.0
HES,18,0.0
HFY,9,33.0
HFY,10,33.0
HFY,11,0.0
HFY,12,0.0
HFY,13,0.0
HFY,14,100.0
HFY,15,0.0
HFY,16,0.0
HFY,17,0.0
HFY,18,0.0
HHN,9,100.0
HHN,10,50.0
HHN,11,100.0
HHN,12,50.0
HHN,13,0.0
HHN,14,0.0
HHN,15,0.0
HHN,16,0.0
HHN,17,0.0
HHN,18,0.0
HIM,9,81.0
HIM,10,100.0
HIM,11,77.0
HIM,12,28.0
HIM,13,2.0
HIM,14,0.0
HIM,15,0.0
HIM,16,0.0
HIM,17,0.0
HIM,18,0.0
HKC,9,71.0
HKC,10,94.0
HKC,11,100.0
HKC,12,99.0
HKC,13,99.0
HKC,14,99.0
HKC,15,93.0
HKC,16,77.0
HKC,17,96.0
HKC,18,90.0
HKE,9,71.0
HKE,10,62.0
HKE,11,37.0
HKE,12,10.0
HKE,13,1.0
HKE,14,0.0
HKE,15,0.0
HKE,16,0.0
HKE,17,0.0
HKE,18,0.0
HND,9,100.0
HND,10,20.0
HND,11,0.0
HND,12,20.0
HND,13,0.0
HND,14,0.0
HND,15,0.0
HND,16,0.0
HND,17,0.0
HND,18,0.0
HVN,9,79.0
HVN,10,78.0
HVN,11,74.0
HVN,12,54.0
HVN,13,23.0
HVN,14,8.0
HVN,15,3.0
HVN,16,6.0
HVN,17,6.0
HVN,18,13.0
HXA,9,0.0
HXA,10,5.0
HXA,11,5.0
HXA,12,5.0
HXA,13,5.0
HXA,14,21.0
HXA,15,26.0
HXA,16,37.0
HXA,17,63.0
HXA,18,26.0
IAD,9,96.0
IAD,10,100.0
IAD,11,100.0
IAD,12,98.0
IAD,13,58.0
IAD,14,0.0
IAD,15,0.0
IAD,16,0.0
IAD,17,0.0
IAD,18,0.0
IAE,9,29.0
IAE,10,29.0
IAE,11,57.0
IAE,12,57.0
IAE,13,57.0
IAE,14,57.0
IAE,15,71.0
IAE,16,86.0
IAE,17,71.0
IAE,18,14.0
IAW,9,64.0
IAW,10,62.0
IAW,11,55.0
IAW,12,28.0
IAW,13,0.0
IAW,14,15.0
IAW,15,0.0
IAW,16,13.0
IAW,17,6.0
IAW,18,2.0
IBB,9,76.0
IBB,10,67.0
IBB,11,100.0
IBB,12,38.0
IBB,13,0.0
IBB,14,0.0
IBB,15,0.0
IBB,16,0.0
IBB,17,0.0
IBB,18,0.0
IBE,9,95.0
IBE,10,93.0
IBE,11,88.0
IBE,12,62.0
IBE,13,18.0
IBE,14,8.0
IBE,15,1.0
IBE,16,1.0
IBE,17,1.0
IBE,18,0.0
IBK,9,75.0
IBK,10,96.0
IBK,11,100.0
IBK,12,75.0
IBK,13,18.0
IBK,14,2.0
IBK,15,0.0
IBK,16,0.0
IBK,17,0.0
IBK,18,0.0
IBS,9,99.0
IBS,10,97.0
IBS,11,92.0
IBS,12,62.0
IBS,13,14.0
IBS,14,9.0
IBS,15,5.0
IBS,16,5.0
IBS,17,4.0
IBS,18,4.0
IBX,9,57.0
IBX,10,57.0
IBX,11,64.0
IBX,12,43.0
IBX,13,86.0
IBX,14,71.0
IBX,15,50.0
IBX,16,0.0
IBX,17,0.0
IBX,18,0.0
ICE,9,97.0
ICE,10,100.0
ICE,11,99.0
ICE,12,73.0
ICE,13,25.0
ICE,14,10.0
ICE,15,6.0
ICE,16,5.0
ICE,17,8.0
ICE,18,7.0
ICL,9,75.0
ICL,10,88.0
ICL,11,100.0
ICL,12,63.0
ICL,13,0.0
ICL,14,13.0
ICL,15,0.0
ICL,16,13.0
ICL,17,13.0
ICL,18,0.0
ICV,9,57.0
ICV,10,70.0
ICV,11,65.0
ICV,12,100.0
ICV,13,70.0
ICV,14,87.0
ICV,15,57.0
ICV,16,70.0
ICV,17,74.0
ICV,18,61.0
IFA,9,0.0
IFA,10,13.0
IFA,11,100.0
IFA,12,50.0
IFA,13,0.0
IFA,14,0.0
IFA,15,0.0
IFA,16,0.0
IFA,17,0.0
IFA,18,0.0
IGO,9,86.0
IGO,10,97.0
IGO,11,100.0
IGO,12,95.0
IGO,13,46.0
IGO,14,0.0
IGO,15,0.0
IGO,16,0.0
IGO,17,0.0
IGO,18,0.0
IJM,9,0.0
IJM,10,100.0
IJM,11,0.0
IJM,12,33.0
IJM,13,0.0
IJM,14,67.0
IJM,15,0.0
IJM,16,0.0
IJM,17,0.0
IJM,18,0.0
IOS,9,0.0
IOS,10,0.0
IOS,11,20.0
IOS,12,100.0
IOS,13,60.0
IOS,14,0.0
IOS,15,0.0
IOS,16,0.0
IOS,17,0.0
IOS,18,0.0
IRA,9,73.0
IRA,10,55.0
IRA,11,41.0
IRA,12,30.0
IRA,13,18.0
IRA,14,9.0
IRA,15,2.0
IRA,16,2.0
IRA,17,7.0
IRA,18,2.0
IRB,9,75.0
IRB,10,0.0
IRB,11,0.0
IRB,12,0.0
IRB,13,0.0
IRB,14,0.0
IRB,15,0.0
IRB,16,0.0
IRB,17,0.0
IRB,18,0.0
IRM,9,74.0
IRM,10,3.0
IRM,11,3.0
IRM,12,11.0
IRM,13,20.0
IRM,14,11.0
IRM,15,9.0
IRM,16,9.0
IRM,17,14.0
IRM,18,6.0
ISR,9,43.0
ISR,10,29.0
ISR,11,86.0
ISR,12,86.0
ISR,13,0.0
ISR,14,14.0
ISR,15,0.0
ISR,16,14.0
ISR,17,14.0
ISR,18,14.0
ISS,9,52.0
ISS,10,0.0
ISS,11,0.0
ISS,12,0.0
ISS,13,0.0
ISS,14,0.0
ISS,15,0.0
ISS,16,0.0
ISS,17,0.0
ISS,18,0.0
JAF,9,92.0
JAF,10,100.0
JAF,11,72.0
JAF,12,40.0
JAF,13,17.0
JAF,14,6.0
JAF,15,1.0
JAF,16,0.0
JAF,17,0.0
JAF,18,0.0
JAL,9,97.0
JAL,10,96.0
JAL,11,85.0
JAL,12,72.0
JAL,13,73.0
JAL,14,65.0
JAL,15,52.0
JAL,16,37.0
JAL,17,28.0
JAL,18,25.0
JAT,9,83.0
JAT,10,29.0
JAT,11,67.0
JAT,12,55.0
JAT,13,2.0
JAT,14,0.0
JAT,15,0.0
JAT,16,0.0
JAT,17,0.0
JAT,18,0.0
JAV,9,0.0
JAV,10,0.0
JAV,11,0.0
JAV,12,100.0
JAV,13,100.0
JAV,14,0.0
JAV,15,0.0
JAV,16,0.0
JAV,17,0.0
JAV,18,0.0
JBU,9,100.0
JBU,10,95.0
JBU,11,94.0
JBU,12,90.0
JBU,13,64.0
JBU,14,25.0
JBU,15,20.0
JBU,16,15.0
JBU,17,10.0
JBU,18,10.0
JCC,9,71.0
JCC,10,67.0
JCC,11,83.0
JCC,12,88.0
JCC,13,100.0
JCC,14,29.0
JCC,15,4.0
JCC,16,0.0
JCC,17,0.0
JCC,18,0.0
JEI,9,75.0
JEI,10,50.0
JEI,11,50.0
JEI,12,100.0
JEI,13,100.0
JEI,14,0.0
JEI,15,0.0
JEI,16,0.0
JEI,17,0.0
JEI,18,0.0
JES,9,100.0
JES,10,63.0
JES,11,61.0
JES,12,45.0
JES,13,0.0
JES,14,0.0
JES,15,0.0
JES,16,0.0
JES,17,0.0
JES,18,0.0
JIA,9,93.0
JIA,10,88.0
JIA,11,89.0
JIA,12,87.0
JIA,13,67.0
JIA,14,46.0
JIA,15,42.0
JIA,16,39.0
JIA,17,31.0
JIA,18,27.0
JJA,9,78.0
JJA,10,66.0
JJA,11,43.0
JJA,12,31.0
JJA,13,20.0
JJA,14,22.0
JJA,15,21.0
JJA,16,20.0
JJA,17,21.0
JJA,18,24.0
JJP,9,90.0
JJP,10,89.0
JJP,11,88.0
JJP,12,88.0
JJP,13,85.0
JJP,14,76.0
JJP,15,50.0
JJP,16,6.0
JJP,17,7.0
JJP,18,5.0
JNA,9,76.0
JNA,10,66.0
JNA,11,42.0
JNA,12,21.0
JNA,13,22.0
JNA,14,18.0
JNA,15,26.0
JNA,16,22.0
JNA,17,22.0
JNA,18,24.0
JON,9,78.0
JON,10,96.0
JON,11,100.0
JON,12,70.0
JON,13,0.0
JON,14,48.0
JON,15,87.0
JON,16,70.0
JON,17,91.0
JON,18,74.0
JSA,9,83.0
JSA,10,73.0
JSA,11,67.0
JSA,12,71.0
JSA,13,21.0
JSA,14,0.0
JSA,15,0.0
JSA,16,0.0
JSA,17,1.0
JSA,18,2.0
JST,9,90.0
JST,10,88.0
JST,11,88.0
JST,12,82.0
JST,13,46.0
JST,14,7.0
JST,15,4.0
JST,16,1.0
JST,17,3.0
JST,18,4.0
JSX,9,88.0
JSX,10,84.0
JSX,11,80.0
JSX,12,72.0
JSX,13,23.0
JSX,14,14.0
JSX,15,11.0
JSX,16,8.0
JSX,17,8.0
JSX,18,8.0
JTA,9,93.0
JTA,10,97.0
JTA,11,89.0
JTA,12,100.0
JTA,13,98.0
JTA,14,93.0
JTA,15,74.0
JTA,16,43.0
JTA,17,7.0
JTA,18,5.0
JTG,9,94.0
JTG,10,91.0
JTG,11,100.0
JTG,12,63.0
JTG,13,11.0
JTG,14,0.0
JTG,15,0.0
JTG,16,0.0
JTG,17,0.0
JTG,18,0.0
JYH,9,77.0
JYH,10,31.0
JYH,11,12.0
JYH,12,15.0
JYH,13,42.0
JYH,14,50.0
JYH,15,69.0
JYH,16,81.0
JYH,17,62.0
JYH,18,65.0
JZA,9,91.0
JZA,10,86.0
JZA,11,92.0
JZA,12,72.0
JZA,13,34.0
JZA,14,11.0
JZA,15,7.0
JZA,16,5.0
JZA,17,6.0
JZA,18,5.0
JZR,9,100.0
JZR,10,77.0
JZR,11,32.0
JZR,12,0.0
JZR,13,0.0
JZR,14,0.0
JZR,15,0.0
JZR,16,0.0
JZR,17,0.0
JZR,18,0.0
KAC,9,100.0
KAC,10,96.0
KAC,11,40.0
KAC,12,3.0
KAC,13,2.0
KAC,14,1.0
KAC,15,2.0
KAC,16,1.0
KAC,17,4.0
KAC,18,2.0
KAL,9,87.0
KAL,10,73.0
KAL,11,44.0
KAL,12,38.0
KAL,13,35.0
KAL,14,35.0
KAL,15,35.0
KAL,16,33.0
KAL,17,32.0
KAL,18,30.0
KAP,9,91.0
KAP,10,88.0
KAP,11,85.0
KAP,12,88.0
KAP,13,66.0
KAP,14,62.0
KAP,15,44.0
KAP,16,44.0
KAP,17,47.0
KAP,18,55.0
KAR,9,76.0
KAR,10,75.0
KAR,11,87.0
KAR,12,97.0
KAR,13,97.0
KAR,14,32.0
KAR,15,0.0
KAR,16,0.0
KAR,17,0.0
KAR,18,0.0
KFS,9,68.0
KFS,10,65.0
KFS,11,71.0
KFS,12,61.0
KFS,13,26.0
KFS,14,12.0
KFS,15,13.0
KFS,16,26.0
KFS,17,26.0
KFS,18,19.0
KHV,9,0.0
KHV,10,38.0
KHV,11,46.0
KHV,12,54.0
KHV,13,54.0
KHV,14,23.0
KHV,15,8.0
KHV,16,23.0
KHV,17,23.0
KHV,18,0.0
KKK,9,0.0
KKK,10,0.0
KKK,11,0.0
KKK,12,0.0
KKK,13,0.0
KKK,14,0.0
KKK,15,0.0
KKK,16,0.0
KKK,17,0.0
KKK,18,0.0
KLM,9,97.0
KLM,10,85.0
KLM,11,79.0
KLM,12,61.0
KLM,13,29.0
KLM,14,9.0
KLM,15,5.0
KLM,16,4.0
KLM,17,5.0
KLM,18,5.0
KMF,9,81.0
KMF,10,92.0
KMF,11,73.0
KMF,12,54.0
KMF,13,12.0
KMF,14,15.0
KMF,15,8.0
KMF,16,8.0
KMF,17,4.0
KMF,18,4.0
KMI,9,92.0
KMI,10,92.0
KMI,11,77.0
KMI,12,85.0
KMI,13,92.0
KMI,14,85.0
KMI,15,100.0
KMI,16,92.0
KMI,17,92.0
KMI,18,92.0
KNA,9,82.0
KNA,10,95.0
KNA,11,59.0
KNA,12,59.0
KNA,13,35.0
KNA,14,49.0
KNA,15,63.0
KNA,16,63.0
KNA,17,67.0
KNA,18,83.0
KNE,9,93.0
KNE,10,93.0
KNE,11,82.0
KNE,12,50.0
KNE,13,6.0
KNE,14,0.0
KNE,15,0.0
KNE,16,0.0
KNE,17,0.0
KNE,18,0.0
KQA,9,84.0
KQA,10,76.0
KQA,11,68.0
KQA,12,69.0
KQA,13,31.0
KQA,14,0.0
KQA,15,0.0
KQA,16,0.0
KQA,17,0.0
KQA,18,1.0
KRP,9,0.0
KRP,10,0.0
KRP,11,0.0
KRP,12,0.0
KRP,13,0.0
KRP,14,0.0
KRP,15,0.0
KRP,16,0.0
KRP,17,0.0
KRP,18,0.0
KTK,9,83.0
KTK,10,69.0
KTK,11,59.0
KTK,12,66.0
KTK,13,100.0
KTK,14,17.0
KTK,15,0.0
KTK,16,0.0
KTK,17,0.0
KTK,18,0.0
KYE,9,10.0
KYE,10,10.0
KYE,11,38.0
KYE,12,48.0
KYE,13,71.0
KYE,14,57.0
KYE,15,24.0
KYE,16,5.0
KYE,17,19.0
KYE,18,19.0
KZR,9,88.0
KZR,10,95.0
KZR,11,95.0
KZR,12,81.0
KZR,13,18.0
KZR,14,4.0
KZR,15,1.0
KZR,16,1.0
KZR,17,0.0
KZR,18,1.0
LAA,9,100.0
LAA,10,56.0
LAA,11,33.0
LAA,12,0.0
LAA,13,0.0
LAA,14,0.0
LAA,15,0.0
LAA,16,0.0
LAA,17,0.0
LAA,18,0.0
LAE,9,36.0
LAE,10,43.0
LAE,11,49.0
LAE,12,38.0
LAE,13,23.0
LAE,14,53.0
LAE,15,26.0
LAE,16,40.0
LAE,17,62.0
LAE,18,36.0
LAM,9,0.0
LAM,10,100.0
LAM,11,0.0
LAM,12,0.0
LAM,13,0.0
LAM,14,0.0
LAM,15,0.0
LAM,16,0.0
LAM,17,0.0
LAM,18,0.0
LAN,9,89.0
LAN,10,79.0
LAN,11,100.0
LAN,12,79.0
LAN,13,36.0
LAN,14,11.0
LAN,15,7.0
LAN,16,5.0
LAN,17,8.0
LAN,18,10.0
LAO,9,90.0
LAO,10,76.0
LAO,11,48.0
LAO,12,31.0
LAO,13,0.0
LAO,14,0.0
LAO,15,0.0
LAO,16,0.0
LAO,17,0.0
LAO,18,0.0
LAV,9,60.0
LAV,10,100.0
LAV,11,20.0
LAV,12,0.0
LAV,13,0.0
LAV,14,0.0
LAV,15,0.0
LAV,16,0.0
LAV,17,0.0
LAV,18,0.0
LBT,9,72.0
LBT,10,77.0
LBT,11,68.0
LBT,12,21.0
LBT,13,1.0
LBT,14,0.0
LBT,15,0.0
LBT,16,0.0
LBT,17,0.0
LBT,18,0.0
LCO,9,59.0
LCO,10,46.0
LCO,11,52.0
LCO,12,62.0
LCO,13,56.0
LCO,14,66.0
LCO,15,85.0
LCO,16,82.0
LCO,17,72.0
LCO,18,79.0
LDM,9,84.0
LDM,10,84.0
LDM,11,74.0
LDM,12,39.0
LDM,13,8.0
LDM,14,0.0
LDM,15,0.0
LDM,16,3.0
LDM,17,0.0
LDM,18,0.0
LGL,9,98.0
LGL,10,98.0
LGL,11,90.0
LGL,12,60.0
LGL,13,16.0
LGL,14,0.0
LGL,15,0.0
LGL,16,0.0
LGL,17,0.0
LGL,18,0.0
LIA,9,97.0
LIA,10,97.0
LIA,11,96.0
LIA,12,87.0
LIA,13,41.0
LIA,14,2.0
LIA,15,0.0
LIA,16,0.0
LIA,17,0.0
LIA,18,0.0
LKE,9,55.0
LKE,10,78.0
LKE,11,46.0
LKE,12,25.0
LKE,13,25.0
LKE,14,45.0
LKE,15,49.0
LKE,16,39.0
LKE,17,54.0
LKE,18,52.0
LKN,9,38.0
LKN,10,38.0
LKN,11,100.0
LKN,12,63.0
LKN,13,88.0
LKN,14,25.0
LKN,15,0.0
LKN,16,0.0
LKN,17,0.0
LKN,18,0.0
LLM,9,86.0
LLM,10,79.0
LLM,11,99.0
LLM,12,93.0
LLM,13,100.0
LLM,14,78.0
LLM,15,27.0
LLM,16,7.0
LLM,17,7.0
LLM,18,7.0
LLR,9,99.0
LLR,10,89.0
LLR,11,81.0
LLR,12,74.0
LLR,13,35.0
LLR,14,1.0
LLR,15,0.0
LLR,16,0.0
LLR,17,0.0
LLR,18,0.0
LNE,9,54.0
LNE,10,54.0
LNE,11,54.0
LNE,12,31.0
LNE,13,8.0
LNE,14,12.0
LNE,15,0.0
LNE,16,0.0
LNE,17,0.0
LNE,18,4.0
LNI,9,68.0
LNI,10,72.0
LNI,11,69.0
LNI,12,56.0
LNI,13,36.0
LNI,14,29.0
LNI,15,15.0
LNI,16,10.0
LNI,17,11.0
LNI,18,1.0
LOF,9,93.0
LOF,10,88.0
LOF,11,91.0
LOF,12,84.0
LOF,13,60.0
LOF,14,32.0
LOF,15,0.0
LOF,16,0.0
LOF,17,0.0
LOF,18,0.0
LOG,9,0.0
LOG,10,0.0
LOG,11,0.0
LOG,12,0.0
LOG,13,0.0
LOG,14,0.0
LOG,15,0.0
LOG,16,0.0
LOG,17,0.0
LOG,18,0.0
LOT,9,100.0
LOT,10,86.0
LOT,11,78.0
LOT,12,32.0
LOT,13,13.0
LOT,14,4.0
LOT,15,1.0
LOT,16,0.0
LOT,17,0.0
LOT,18,0.0
LPA,9,64.0
LPA,10,56.0
LPA,11,7.0
LPA,12,4.0
LPA,13,15.0
LPA,14,11.0
LPA,15,11.0
LPA,16,0.0
LPA,17,2.0
LPA,18,0.0
LPE,9,94.0
LPE,10,79.0
LPE,11,90.0
LPE,12,57.0
LPE,13,10.0
LPE,14,20.0
LPE,15,11.0
LPE,16,10.0
LPE,17,8.0
LPE,18,8.0
LRC,9,58.0
LRC,10,84.0
LRC,11,89.0
LRC,12,63.0
LRC,13,0.0
LRC,14,0.0
LRC,15,0.0
LRC,16,0.0
LRC,17,0.0
LRC,18,0.0
LTG,9,73.0
LTG,10,61.0
LTG,11,76.0
LTG,12,64.0
LTG,13,76.0
LTG,14,91.0
LTG,15,82.0
LTG,16,85.0
LTG,17,67.0
LTG,18,76.0
LWA,9,100.0
LWA,10,50.0
LWA,11,70.0
LWA,12,40.0
LWA,13,0.0
LWA,14,0.0
LWA,15,0.0
LWA,16,0.0
LWA,17,0.0
LWA,18,0.0
LYC,9,0.0
LYC,10,0.0
LYC,11,0.0
LYC,12,0.0
LYC,13,50.0
LYC,14,50.0
LYC,15,0.0
LYC,16,100.0
LYC,17,50.0
LYC,18,50.0
LYM,9,97.0
LYM,10,70.0
LYM,11,60.0
LYM,12,53.0
LYM,13,36.0
LYM,14,40.0
LYM,15,56.0
LYM,16,58.0
LYM,17,55.0
LYM,18,60.0
LZB,9,59.0
LZB,10,84.0
LZB,11,82.0
LZB,12,55.0
LZB,13,41.0
LZB,14,30.0
LZB,15,39.0
LZB,16,36.0
LZB,17,27.0
LZB,18,30.0
MAA,9,60.0
MAA,10,80.0
MAA,11,60.0
MAA,12,80.0
MAA,13,80.0
MAA,14,60.0
MAA,15,60.0
MAA,16,67.0
MAA,17,87.0
MAA,18,80.0
MAC,9,93.0
MAC,10,94.0
MAC,11,77.0
MAC,12,30.0
MAC,13,0.0
MAC,14,0.0
MAC,15,0.0
MAC,16,0.0
MAC,17,0.0
MAC,18,0.0
MAI,9,67.0
MAI,10,50.0
MAI,11,50.0
MAI,12,17.0
MAI,13,0.0
MAI,14,0.0
MAI,15,0.0
MAI,16,0.0
MAI,17,0.0
MAI,18,0.0
MAS,9,90.0
MAS,10,84.0
MAS,11,78.0
MAS,12,73.0
MAS,13,21.0
MAS,14,13.0
MAS,15,11.0
MAS,16,7.0
MAS,17,6.0
MAS,18,6.0
MAU,9,89.0
MAU,10,94.0
MAU,11,78.0
MAU,12,78.0
MAU,13,61.0
MAU,14,11.0
MAU,15,0.0
MAU,16,0.0
MAU,17,0.0
MAU,18,0.0
MDA,9,39.0
MDA,10,33.0
MDA,11,34.0
MDA,12,34.0
MDA,13,31.0
MDA,14,29.0
MDA,15,29.0
MDA,16,30.0
MDA,17,30.0
MDA,18,28.0
MEA,9,66.0
MEA,10,69.0
MEA,11,55.0
MEA,12,32.0
MEA,13,0.0
MEA,14,0.0
MEA,15,2.0
MEA,16,1.0
MEA,17,0.0
MEA,18,3.0
MGL,9,38.0
MGL,10,0.0
MGL,11,0.0
MGL,12,8.0
MGL,13,0.0
MGL,14,8.0
MGL,15,0.0
MGL,16,0.0
MGL,17,0.0
MGL,18,8.0
MGX,9,75.0
MGX,10,42.0
MGX,11,0.0
MGX,12,0.0
MGX,13,0.0
MGX,14,0.0
MGX,15,0.0
MGX,16,0.0
MGX,17,0.0
MGX,18,0.0
MJF,9,86.0
MJF,10,71.0
MJF,11,71.0
MJF,12,57.0
MJF,13,0.0
MJF,14,0.0
MJF,15,0.0
MJF,16,0.0
MJF,17,0.0
MJF,18,0.0
MKR,9,79.0
MKR,10,96.0
MKR,11,88.0
MKR,12,75.0
MKR,13,48.0
MKR,14,10.0
MKR,15,17.0
MKR,16,6.0
MKR,17,15.0
MKR,18,10.0
MLD,9,67.0
MLD,10,57.0
MLD,11,68.0
MLD,12,33.0
MLD,13,0.0
MLD,14,0.0
MLD,15,0.0
MLD,16,0.0
MLD,17,0.0
MLD,18,0.0
MMA,9,93.0
MMA,10,95.0
MMA,11,75.0
MMA,12,73.0
MMA,13,60.0
MMA,14,33.0
MMA,15,0.0
MMA,16,0.0
MMA,17,0.0
MMA,18,0.0
MMD,9,75.0
MMD,10,63.0
MMD,11,75.0
MMD,12,81.0
MMD,13,75.0
MMD,14,6.0
MMD,15,0.0
MMD,16,0.0
MMD,17,0.0
MMD,18,19.0
MMZ,9,0.0
MMZ,10,0.0
MMZ,11,0.0
MMZ,12,0.0
MMZ,13,67.0
MMZ,14,100.0
MMZ,15,67.0
MMZ,16,0.0
MMZ,17,0.0
MMZ,18,0.0
MNB,9,100.0
MNB,10,100.0
MNB,11,100.0
MNB,12,75.0
MNB,13,25.0
MNB,14,25.0
MNB,15,75.0
MNB,16,25.0
MNB,17,75.0
MNB,18,50.0
MNO,9,0.0
MNO,10,0.0
MNO,11,0.0
MNO,12,0.0
MNO,13,0.0
MNO,14,0.0
MNO,15,0.0
MNO,16,0.0
MNO,17,0.0
MNO,18,0.0
MNU,9,39.0
MNU,10,63.0
MNU,11,54.0
MNU,12,7.0
MNU,13,5.0
MNU,14,0.0
MNU,15,0.0
MNU,16,0.0
MNU,17,0.0
MNU,18,0.0
MPE,9,0.0
MPE,10,0.0
MPE,11,50.0
MPE,12,0.0
MPE,13,50.0
MPE,14,100.0
MPE,15,0.0
MPE,16,100.0
MPE,17,50.0
MPE,18,0.0
MPH,9,79.0
MPH,10,75.0
MPH,11,77.0
MPH,12,79.0
MPH,13,79.0
MPH,14,81.0
MPH,15,75.0
MPH,16,81.0
MPH,17,73.0
MPH,18,77.0
MSC,9,82.0
MSC,10,73.0
MSC,11,64.0
MSC,12,100.0
MSC,13,0.0
MSC,14,0.0
MSC,15,0.0
MSC,16,0.0
MSC,17,0.0
MSC,18,0.0
MSR,9,84.0
MSR,10,91.0
MSR,11,81.0
MSR,12,70.0
MSR,13,1.0
MSR,14,2.0
MSR,15,6.0
MSR,16,4.0
MSR,17,5.0
MSR,18,7.0
MXD,9,84.0
MXD,10,70.0
MXD,11,63.0
MXD,12,55.0
MXD,13,18.0
MXD,14,4.0
MXD,15,1.0
MXD,16,0.0
MXD,17,1.0
MXD,18,2.0
MYW,9,80.0
MYW,10,80.0
MYW,11,0.0
MYW,12,0.0
MYW,13,0.0
MYW,14,0.0
MYW,15,0.0
MYW,16,0.0
MYW,17,0.0
MYW,18,0.0
NAC,9,96.0
NAC,10,71.0
NAC,11,67.0
NAC,12,83.0
NAC,13,42.0
NAC,14,33.0
NAC,15,58.0
NAC,16,54.0
NAC,17,50.0
NAC,18,33.0
NAX,9,94.0
NAX,10,100.0
NAX,11,99.0
NAX,12,65.0
NAX,13,28.0
NAX,14,18.0
NAX,15,15.0
NAX,16,13.0
NAX,17,12.0
NAX,18,12.0
NCA,9,78.0
NCA,10,100.0
NCA,11,95.0
NCA,12,98.0
NCA,13,91.0
NCA,14,98.0
NCA,15,73.0
NCA,16,71.0
NCA,17,64.0
NCA,18,73.0
NCR,9,41.0
NCR,10,23.0
NCR,11,86.0
NCR,12,82.0
NCR,13,100.0
NCR,14,86.0
NCR,15,41.0
NCR,16,14.0
NCR,17,27.0
NCR,18,32.0
NCT,9,97.0
NCT,10,97.0
NCT,11,60.0
NCT,12,40.0
NCT,13,23.0
NCT,14,3.0
NCT,15,10.0
NCT,16,0.0
NCT,17,0.0
NCT,18,7.0
NGT,9,0.0
NGT,10,0.0
NGT,11,0.0
NGT,12,0.0
NGT,13,0.0
NGT,14,0.0
NGT,15,0.0
NGT,16,0.0
NGT,17,0.0
NGT,18,0.0
NIA,9,71.0
NIA,10,86.0
NIA,11,86.0
NIA,12,71.0
NIA,13,0.0
NIA,14,0.0
NIA,15,0.0
NIA,16,0.0
NIA,17,0.0
NIA,18,0.0
NKS,9,100.0
NKS,10,98.0
NKS,11,99.0
NKS,12,96.0
NKS,13,78.0
NKS,14,74.0
NKS,15,49.0
NKS,16,6.0
NKS,17,6.0
NKS,18,6.0
NMA,9,50.0
NMA,10,50.0
NMA,11,25.0
NMA,12,25.0
NMA,13,0.0
NMA,14,0.0
NMA,15,0.0
NMA,16,0.0
NMA,17,0.0
NMA,18,0.0
NMB,9,100.0
NMB,10,95.0
NMB,11,100.0
NMB,12,68.0
NMB,13,18.0
NMB,14,0.0
NMB,15,0.0
NMB,16,0.0
NMB,17,0.0
NMB,18,0.0
NOK,9,100.0
NOK,10,94.0
NOK,11,78.0
NOK,12,71.0
NOK,13,61.0
NOK,14,26.0
NOK,15,13.0
NOK,16,8.0
NOK,17,4.0
NOK,18,5.0
NOS,9,96.0
NOS,10,88.0
NOS,11,67.0
NOS,12,46.0
NOS,13,21.0
NOS,14,0.0
NOS,15,0.0
NOS,16,0.0
NOS,17,0.0
NOS,18,17.0
NPT,9,8.0
NPT,10,69.0
NPT,11,92.0
NPT,12,100.0
NPT,13,92.0
NPT,14,92.0
NPT,15,77.0
NPT,16,46.0
NPT,17,69.0
NPT,18,69.0
NRL,9,24.0
NRL,10,6.0
NRL,11,41.0
NRL,12,100.0
NRL,13,59.0
NRL,14,0.0
NRL,15,0.0
NRL,16,0.0
NRL,17,0.0
NRL,18,6.0
NRS,9,86.0
NRS,10,63.0
NRS,11,62.0
NRS,12,44.0
NRS,13,7.0
NRS,14,0.0
NRS,15,0.0
NRS,16,0.0
NRS,17,0.0
NRS,18,0.0
NSE,9,87.0
NSE,10,82.0
NSE,11,76.0
NSE,12,70.0
NSE,13,25.0
NSE,14,0.0
NSE,15,0.0
NSE,16,0.0
NSE,17,0.0
NSE,18,0.0
NVR,9,83.0
NVR,10,88.0
NVR,11,83.0
NVR,12,50.0
NVR,13,4.0
NVR,14,0.0
NVR,15,4.0
NVR,16,0.0
NVR,17,0.0
NVR,18,0.0
NWS,9,84.0
NWS,10,75.0
NWS,11,74.0
NWS,12,77.0
NWS,13,73.0
NWS,14,32.0
NWS,15,1.0
NWS,16,0.0
NWS,17,0.0
NWS,18,0.0
NZM,9,100.0
NZM,10,78.0
NZM,11,72.0
NZM,12,73.0
NZM,13,71.0
NZM,14,21.0
NZM,15,0.0
NZM,16,0.0
NZM,17,0.0
NZM,18,0.0
OAE,9,52.0
OAE,10,86.0
OAE,11,71.0
OAE,12,58.0
OAE,13,67.0
OAE,14,64.0
OAE,15,14.0
OAE,16,16.0
OAE,17,22.0
OAE,18,25.0
OAL,9,94.0
OAL,10,90.0
OAL,11,100.0
OAL,12,68.0
OAL,13,25.0
OAL,14,15.0
OAL,15,13.0
OAL,16,13.0
OAL,17,12.0
OAL,18,12.0
OAW,9,100.0
OAW,10,100.0
OAW,11,100.0
OAW,12,0.0
OAW,13,0.0
OAW,14,0.0
OAW,15,0.0
OAW,16,0.0
OAW,17,0.0
OAW,18,0.0
OBS,9,0.0
OBS,10,0.0
OBS,11,0.0
OBS,12,0.0
OBS,13,0.0
OBS,14,0.0
OBS,15,0.0
OBS,16,0.0
OBS,17,0.0
OBS,18,0.0
OHY,9,86.0
OHY,10,74.0
OHY,11,66.0
OHY,12,33.0
OHY,13,0.0
OHY,14,0.0
OHY,15,0.0
OHY,16,0.0
OHY,17,0.0
OHY,18,0.0
OKA,9,51.0
OKA,10,38.0
OKA,11,13.0
OKA,12,9.0
OKA,13,0.0
OKA,14,32.0
OKA,15,70.0
OKA,16,74.0
OKA,17,94.0
OKA,18,94.0
OMA,9,81.0
OMA,10,88.0
OMA,11,75.0
OMA,12,100.0
OMA,13,81.0
OMA,14,13.0
OMA,15,0.0
OMA,16,0.0
OMA,17,0.0
OMA,18,6.0
OMS,9,88.0
OMS,10,85.0
OMS,11,80.0
OMS,12,43.0
OMS,13,0.0
OMS,14,0.0
OMS,15,1.0
OMS,16,0.0
OMS,17,1.0
OMS,18,1.0
OTF,9,100.0
OTF,10,78.0
OTF,11,78.0
OTF,12,17.0
OTF,13,0.0
OTF,14,0.0
OTF,15,0.0
OTF,16,0.0
OTF,17,0.0
OTF,18,0.0
PAC,9,50.0
PAC,10,74.0
PAC,11,89.0
PAC,12,89.0
PAC,13,100.0
PAC,14,83.0
PAC,15,75.0
PAC,16,71.0
PAC,17,73.0
PAC,18,71.0
PAL,9,84.0
PAL,10,84.0
PAL,11,79.0
PAL,12,58.0
PAL,13,11.0
PAL,14,1.0
PAL,15,1.0
PAL,16,2.0
PAL,17,2.0
PAL,18,1.0
PAO,9,63.0
PAO,10,88.0
PAO,11,63.0
PAO,12,75.0
PAO,13,38.0
PAO,14,0.0
PAO,15,0.0
PAO,16,0.0
PAO,17,0.0
PAO,18,0.0
PBD,9,100.0
PBD,10,97.0
PBD,11,95.0
PBD,12,88.0
PBD,13,83.0
PBD,14,58.0
PBD,15,0.0
PBD,16,0.0
PBD,17,0.0
PBD,18,0.0
PDT,9,99.0
PDT,10,86.0
PDT,11,87.0
PDT,12,85.0
PDT,13,61.0
PDT,14,53.0
PDT,15,47.0
PDT,16,33.0
PDT,17,26.0
PDT,18,26.0
PEV,9,100.0
PEV,10,100.0
PEV,11,100.0
PEV,12,17.0
PEV,13,0.0
PEV,14,0.0
PEV,15,0.0
PEV,16,0.0
PEV,17,0.0
PEV,18,0.0
PGT,9,96.0
PGT,10,87.0
PGT,11,79.0
PGT,12,53.0
PGT,13,7.0
PGT,14,0.0
PGT,15,0.0
PGT,16,0.0
PGT,17,0.0
PGT,18,0.0
PHA,9,71.0
PHA,10,64.0
PHA,11,7.0
PHA,12,36.0
PHA,13,36.0
PHA,14,43.0
PHA,15,43.0
PHA,16,43.0
PHA,17,36.0
PHA,18,54.0
PIA,9,100.0
PIA,10,90.0
PIA,11,94.0
PIA,12,81.0
PIA,13,17.0
PIA,14,0.0
PIA,15,4.0
PIA,16,4.0
PIA,17,7.0
PIA,18,8.0
PIC,9,50.0
PIC,10,60.0
PIC,11,40.0
PIC,12,13.0
PIC,13,7.0
PIC,14,6.0
PIC,15,2.0
PIC,16,1.0
PIC,17,5.0
PIC,18,7.0
PJZ,9,0.0
PJZ,10,0.0
PJZ,11,0.0
PJZ,12,0.0
PJZ,13,0.0
PJZ,14,0.0
PJZ,15,0.0
PJZ,16,0.0
PJZ,17,0.0
PJZ,18,0.0
PLM,9,43.0
PLM,10,71.0
PLM,11,43.0
PLM,12,71.0
PLM,13,86.0
PLM,14,100.0
PLM,15,86.0
PLM,16,0.0
PLM,17,0.0
PLM,18,0.0
POE,9,81.0
POE,10,89.0
POE,11,93.0
POE,12,80.0
POE,13,9.0
POE,14,0.0
POE,15,0.0
POE,16,0.0
POE,17,0.0
POE,18,0.0
PUE,9,100.0
PUE,10,67.0
PUE,11,50.0
PUE,12,17.0
PUE,13,33.0
PUE,14,0.0
PUE,15,0.0
PUE,16,33.0
PUE,17,0.0
PUE,18,0.0
PVG,9,0.0
PVG,10,0.0
PVG,11,0.0
PVG,12,100.0
PVG,13,25.0
PVG,14,75.0
PVG,15,0.0
PVG,16,0.0
PVG,17,0.0
PVG,18,0.0
QAZ,9,45.0
QAZ,10,60.0
QAZ,11,20.0
QAZ,12,55.0
QAZ,13,5.0
QAZ,14,0.0
QAZ,15,0.0
QAZ,16,0.0
QAZ,17,0.0
QAZ,18,0.0
QDA,9,78.0
QDA,10,100.0
QDA,11,44.0
QDA,12,22.0
QDA,13,33.0
QDA,14,33.0
QDA,15,44.0
QDA,16,33.0
QDA,17,33.0
QDA,18,33.0
QFA,9,100.0
QFA,10,97.0
QFA,11,95.0
QFA,12,86.0
QFA,13,68.0
QFA,14,21.0
QFA,15,10.0
QFA,16,3.0
QFA,17,4.0
QFA,18,4.0
QJE,9,94.0
QJE,10,24.0
QJE,11,0.0
QJE,12,0.0
QJE,13,0.0
QJE,14,0.0
QJE,15,0.0
QJE,16,0.0
QJE,17,0.0
QJE,18,0.0
QLK,9,100.0
QLK,10,32.0
QLK,11,15.0
QLK,12,15.0
QLK,13,11.0
QLK,14,6.0
QLK,15,12.0
QLK,16,0.0
QLK,17,3.0
QLK,18,3.0
QSM,9,82.0
QSM,10,0.0
QSM,11,0.0
QSM,12,0.0
QSM,13,0.0
QSM,14,0.0
QSM,15,0.0
QSM,16,0.0
QSM,17,0.0
QSM,18,0.0
QTR,9,97.0
QTR,10,79.0
QTR,11,72.0
QTR,12,68.0
QTR,13,45.0
QTR,14,33.0
QTR,15,26.0
QTR,16,24.0
QTR,17,23.0
QTR,18,24.0
QXE,9,99.0
QXE,10,99.0
QXE,11,100.0
QXE,12,93.0
QXE,13,77.0
QXE,14,49.0
QXE,15,33.0
QXE,16,16.0
QXE,17,16.0
QXE,18,14.0
RAM,9,85.0
RAM,10,72.0
RAM,11,56.0
RAM,12,19.0
RAM,13,0.0
RAM,14,0.0
RAM,15,0.0
RAM,16,0.0
RAM,17,0.0
RAM,18,0.0
RBA,9,94.0
RBA,10,85.0
RBA,11,75.0
RBA,12,77.0
RBA,13,24.0
RBA,14,7.0
RBA,15,9.0
RBA,16,7.0
RBA,17,7.0
RBA,18,9.0
RBG,9,73.0
RBG,10,45.0
RBG,11,36.0
RBG,12,27.0
RBG,13,0.0
RBG,14,0.0
RBG,15,0.0
RBG,16,0.0
RBG,17,0.0
RBG,18,0.0
REU,9,41.0
REU,10,48.0
REU,11,44.0
REU,12,41.0
REU,13,33.0
REU,14,11.0
REU,15,7.0
REU,16,7.0
REU,17,7.0
REU,18,7.0
RJA,9,81.0
RJA,10,60.0
RJA,11,63.0
RJA,12,41.0
RJA,13,0.0
RJA,14,0.0
RJA,15,0.0
RJA,16,0.0
RJA,17,0.0
RJA,18,0.0
RJD,9,0.0
RJD,10,0.0
RJD,11,0.0
RJD,12,100.0
RJD,13,0.0
RJD,14,0.0
RJD,15,0.0
RJD,16,0.0
RJD,17,0.0
RJD,18,0.0
RLH,9,38.0
RLH,10,48.0
RLH,11,66.0
RLH,12,66.0
RLH,13,31.0
RLH,14,31.0
RLH,15,31.0
RLH,16,55.0
RLH,17,34.0
RLH,18,3.0
RLK,9,98.0
RLK,10,83.0
RLK,11,83.0
RLK,12,83.0
RLK,13,83.0
RLK,14,20.0
RLK,15,0.0
RLK,16,0.0
RLK,17,0.0
RLK,18,0.0
RMY,9,75.0
RMY,10,38.0
RMY,11,100.0
RMY,12,100.0
RMY,13,100.0
RMY,14,88.0
RMY,15,100.0
RMY,16,63.0
RMY,17,88.0
RMY,18,81.0
RNA,9,97.0
RNA,10,91.0
RNA,11,80.0
RNA,12,51.0
RNA,13,7.0
RNA,14,0.0
RNA,15,0.0
RNA,16,0.0
RNA,17,0.0
RNA,18,0.0
ROT,9,99.0
ROT,10,95.0
ROT,11,88.0
ROT,12,65.0
ROT,13,29.0
ROT,14,6.0
ROT,15,1.0
ROT,16,0.0
ROT,17,0.0
ROT,18,0.0
ROU,9,97.0
ROU,10,99.0
ROU,11,100.0
ROU,12,97.0
ROU,13,56.0
ROU,14,11.0
ROU,15,0.0
ROU,16,0.0
ROU,17,0.0
ROU,18,0.0
RPA,9,100.0
RPA,10,93.0
RPA,11,92.0
RPA,12,93.0
RPA,13,65.0
RPA,14,41.0
RPA,15,30.0
RPA,16,18.0
RPA,17,16.0
RPA,18,16.0
RPB,9,88.0
RPB,10,85.0
RPB,11,90.0
RPB,12,71.0
RPB,13,12.0
RPB,14,0.0
RPB,15,0.0
RPB,16,0.0
RPB,17,0.0
RPB,18,0.0
RSY,9,100.0
RSY,10,0.0
RSY,11,100.0
RSY,12,100.0
RSY,13,50.0
RSY,14,0.0
RSY,15,0.0
RSY,16,0.0
RSY,17,0.0
RSY,18,0.0
RVF,9,95.0
RVF,10,98.0
RVF,11,97.0
RVF,12,88.0
RVF,13,50.0
RVF,14,16.0
RVF,15,1.0
RVF,16,0.0
RVF,17,0.0
RVF,18,0.0
RWD,9,100.0
RWD,10,75.0
RWD,11,75.0
RWD,12,75.0
RWD,13,0.0
RWD,14,0.0
RWD,15,0.0
RWD,16,0.0
RWD,17,0.0
RWD,18,0.0
RWZ,9,60.0
RWZ,10,55.0
RWZ,11,59.0
RWZ,12,56.0
RWZ,13,37.0
RWZ,14,31.0
RWZ,15,14.0
RWZ,16,9.0
RWZ,17,5.0
RWZ,18,0.0
RXA,9,100.0
RXA,10,97.0
RXA,11,100.0
RXA,12,96.0
RXA,13,47.0
RXA,14,22.0
RXA,15,13.0
RXA,16,3.0
RXA,17,2.0
RXA,18,2.0
RYL,9,0.0
RYL,10,0.0
RYL,11,0.0
RYL,12,0.0
RYL,13,0.0
RYL,14,0.0
RYL,15,0.0
RYL,16,0.0
RYL,17,0.0
RYL,18,0.0
RYR,9,95.0
RYR,10,82.0
RYR,11,74.0
RYR,12,54.0
RYR,13,15.0
RYR,14,2.0
RYR,15,1.0
RYR,16,2.0
RYR,17,1.0
RYR,18,1.0
RZO,9,88.0
RZO,10,88.0
RZO,11,87.0
RZO,12,62.0
RZO,13,10.0
RZO,14,0.0
RZO,15,0.0
RZO,16,0.0
RZO,17,0.0
RZO,18,0.0
SAA,9,93.0
SAA,10,91.0
SAA,11,86.0
SAA,12,88.0
SAA,13,18.0
SAA,14,0.0
SAA,15,0.0
SAA,16,0.0
SAA,17,0.0
SAA,18,0.0
SAS,9,89.0
SAS,10,100.0
SAS,11,100.0
SAS,12,61.0
SAS,13,21.0
SAS,14,13.0
SAS,15,9.0
SAS,16,8.0
SAS,17,9.0
SAS,18,9.0
SAT,9,67.0
SAT,10,100.0
SAT,11,44.0
SAT,12,11.0
SAT,13,0.0
SAT,14,0.0
SAT,15,0.0
SAT,16,0.0
SAT,17,0.0
SAT,18,0.0
SAY,9,0.0
SAY,10,0.0
SAY,11,0.0
SAY,12,0.0
SAY,13,100.0
SAY,14,50.0
SAY,15,50.0
SAY,16,0.0
SAY,17,0.0
SAY,18,0.0
SBI,9,84.0
SBI,10,85.0
SBI,11,100.0
SBI,12,92.0
SBI,13,79.0
SBI,14,69.0
SBI,15,33.0
SBI,16,26.0
SBI,17,23.0
SBI,18,32.0
SCR,9,0.0
SCR,10,100.0
SCR,11,70.0
SCR,12,70.0
SCR,13,20.0
SCR,14,60.0
SCR,15,0.0
SCR,16,0.0
SCR,17,0.0
SCR,18,0.0
SCW,9,72.0
SCW,10,92.0
SCW,11,100.0
SCW,12,68.0
SCW,13,26.0
SCW,14,3.0
SCW,15,0.0
SCW,16,0.0
SCW,17,0.0
SCW,18,0.0
SCX,9,92.0
SCX,10,95.0
SCX,11,100.0
SCX,12,93.0
SCX,13,59.0
SCX,14,24.0
SCX,15,9.0
SCX,16,8.0
SCX,17,11.0
SCX,18,9.0
SDM,9,65.0
SDM,10,20.0
SDM,11,0.0
SDM,12,0.0
SDM,13,0.0
SDM,14,0.0
SDM,15,0.0
SDM,16,0.0
SDM,17,0.0
SDM,18,0.0
SDR,9,100.0
SDR,10,25.0
SDR,11,13.0
SDR,12,13.0
SDR,13,6.0
SDR,14,13.0
SDR,15,0.0
SDR,16,0.0
SDR,17,0.0
SDR,18,0.0
SEH,9,76.0
SEH,10,78.0
SEH,11,100.0
SEH,12,98.0
SEH,13,64.0
SEH,14,55.0
SEH,15,46.0
SEH,16,58.0
SEH,17,35.0
SEH,18,38.0
SEJ,9,91.0
SEJ,10,97.0
SEJ,11,100.0
SEJ,12,96.0
SEJ,13,39.0
SEJ,14,0.0
SEJ,15,1.0
SEJ,16,1.0
SEJ,17,1.0
SEJ,18,2.0
SEY,9,40.0
SEY,10,80.0
SEY,11,100.0
SEY,12,80.0
SEY,13,60.0
SEY,14,0.0
SEY,15,0.0
SEY,16,0.0
SEY,17,0.0
SEY,18,0.0
SFJ,9,99.0
SFJ,10,99.0
SFJ,11,96.0
SFJ,12,89.0
SFJ,13,87.0
SFJ,14,84.0
SFJ,15,80.0
SFJ,16,57.0
SFJ,17,49.0
SFJ,18,45.0
SFR,9,72.0
SFR,10,100.0
SFR,11,100.0
SFR,12,76.0
SFR,13,48.0
SFR,14,0.0
SFR,15,0.0
SFR,16,0.0
SFR,17,0.0
SFR,18,0.0
SHT,9,100.0
SHT,10,100.0
SHT,11,98.0
SHT,12,88.0
SHT,13,54.0
SHT,14,19.0
SHT,15,8.0
SHT,16,7.0
SHT,17,5.0
SHT,18,3.0
SHU,9,100.0
SHU,10,50.0
SHU,11,50.0
SHU,12,100.0
SHU,13,50.0
SHU,14,0.0
SHU,15,0.0
SHU,16,0.0
SHU,17,0.0
SHU,18,0.0
SIA,9,91.0
SIA,10,84.0
SIA,11,69.0
SIA,12,65.0
SIA,13,32.0
SIA,14,14.0
SIA,15,12.0
SIA,16,13.0
SIA,17,14.0
SIA,18,13.0
SIL,9,33.0
SIL,10,50.0
SIL,11,100.0
SIL,12,50.0
SIL,13,67.0
SIL,14,17.0
SIL,15,50.0
SIL,16,8.0
SIL,17,0.0
SIL,18,8.0
SJO,9,51.0
SJO,10,51.0
SJO,11,48.0
SJO,12,49.0
SJO,13,50.0
SJO,14,49.0
SJO,15,40.0
SJO,16,15.0
SJO,17,5.0
SJO,18,2.0
SJY,9,70.0
SJY,10,75.0
SJY,11,100.0
SJY,12,70.0
SJY,13,55.0
SJY,14,60.0
SJY,15,25.0
SJY,16,25.0
SJY,17,25.0
SJY,18,0.0
SKK,9,0.0
SKK,10,0.0
SKK,11,100.0
SKK,12,0.0
SKK,13,0.0
SKK,14,0.0
SKK,15,0.0
SKK,16,0.0
SKK,17,0.0
SKK,18,0.0
SKP,9,75.0
SKP,10,50.0
SKP,11,75.0
SKP,12,50.0
SKP,13,50.0
SKP,14,25.0
SKP,15,25.0
SKP,16,25.0
SKP,17,25.0
SKP,18,25.0
SKU,9,99.0
SKU,10,60.0
SKU,11,80.0
SKU,12,58.0
SKU,13,4.0
SKU,14,0.0
SKU,15,0.0
SKU,16,0.0
SKU,17,0.0
SKU,18,0.0
SKV,9,90.0
SKV,10,94.0
SKV,11,92.0
SKV,12,68.0
SKV,13,34.0
SKV,14,13.0
SKV,15,10.0
SKV,16,8.0
SKV,17,7.0
SKV,18,3.0
SKW,9,100.0
SKW,10,95.0
SKW,11,96.0
SKW,12,94.0
SKW,13,74.0
SKW,14,58.0
SKW,15,42.0
SKW,16,36.0
SKW,17,33.0
SKW,18,35.0
SKY,9,92.0
SKY,10,91.0
SKY,11,91.0
SKY,12,82.0
SKY,13,82.0
SKY,14,85.0
SKY,15,60.0
SKY,16,39.0
SKY,17,32.0
SKY,18,24.0
SLI,9,91.0
SLI,10,91.0
SLI,11,87.0
SLI,12,80.0
SLI,13,37.0
SLI,14,15.0
SLI,15,7.0
SLI,16,5.0
SLI,17,5.0
SLI,18,1.0
SLK,9,89.0
SLK,10,80.0
SLK,11,53.0
SLK,12,52.0
SLK,13,17.0
SLK,14,1.0
SLK,15,0.0
SLK,16,0.0
SLK,17,0.0
SLK,18,0.0
SLM,9,91.0
SLM,10,76.0
SLM,11,79.0
SLM,12,21.0
SLM,13,15.0
SLM,14,0.0
SLM,15,0.0
SLM,16,0.0
SLM,17,3.0
SLM,18,3.0
SMR,9,94.0
SMR,10,100.0
SMR,11,89.0
SMR,12,66.0
SMR,13,9.0
SMR,14,0.0
SMR,15,0.0
SMR,16,0.0
SMR,17,0.0
SMR,18,0.0
SNC,9,78.0
SNC,10,80.0
SNC,11,79.0
SNC,12,90.0
SNC,13,100.0
SNC,14,86.0
SNC,15,78.0
SNC,16,89.0
SNC,17,89.0
SNC,18,86.0
SNJ,9,100.0
SNJ,10,99.0
SNJ,11,99.0
SNJ,12,98.0
SNJ,13,97.0
SNJ,14,97.0
SNJ,15,95.0
SNJ,16,59.0
SNJ,17,27.0
SNJ,18,27.0
SOL,9,80.0
SOL,10,80.0
SOL,11,80.0
SOL,12,80.0
SOL,13,60.0
SOL,14,0.0
SOL,15,0.0
SOL,16,0.0
SOL,17,0.0
SOL,18,0.0
SOO,9,77.0
SOO,10,88.0
SOO,11,91.0
SOO,12,97.0
SOO,13,98.0
SOO,14,100.0
SOO,15,99.0
SOO,16,96.0
SOO,17,93.0
SOO,18,90.0
SPA,9,73.0
SPA,10,27.0
SPA,11,45.0
SPA,12,36.0
SPA,13,73.0
SPA,14,55.0
SPA,15,18.0
SPA,16,0.0
SPA,17,0.0
SPA,18,0.0
SPM,9,100.0
SPM,10,90.0
SPM,11,90.0
SPM,12,100.0
SPM,13,80.0
SPM,14,0.0
SPM,15,30.0
SPM,16,20.0
SPM,17,30.0
SPM,18,10.0
SQP,9,93.0
SQP,10,77.0
SQP,11,70.0
SQP,12,43.0
SQP,13,43.0
SQP,14,13.0
SQP,15,7.0
SQP,16,0.0
SQP,17,7.0
SQP,18,13.0
SRQ,9,94.0
SRQ,10,96.0
SRQ,11,89.0
SRQ,12,19.0
SRQ,13,0.0
SRQ,14,0.0
SRQ,15,0.0
SRQ,16,0.0
SRQ,17,0.0
SRQ,18,0.0
SSF,9,69.0
SSF,10,84.0
SSF,11,95.0
SSF,12,100.0
SSF,13,67.0
SSF,14,34.0
SSF,15,9.0
SSF,16,5.0
SSF,17,0.0
SSF,18,6.0
SUS,9,0.0
SUS,10,0.0
SUS,11,0.0
SUS,12,0.0
SUS,13,0.0
SUS,14,100.0
SUS,15,0.0
SUS,16,0.0
SUS,17,0.0
SUS,18,0.0
SVA,9,98.0
SVA,10,95.0
SVA,11,79.0
SVA,12,47.0
SVA,13,4.0
SVA,14,4.0
SVA,15,5.0
SVA,16,5.0
SVA,17,5.0
SVA,18,6.0
SVR,9,90.0
SVR,10,96.0
SVR,11,98.0
SVR,12,87.0
SVR,13,70.0
SVR,14,47.0
SVR,15,23.0
SVR,16,15.0
SVR,17,12.0
SVR,18,15.0
SWA,9,98.0
SWA,10,96.0
SWA,11,100.0
SWA,12,93.0
SWA,13,72.0
SWA,14,55.0
SWA,15,51.0
SWA,16,42.0
SWA,17,33.0
SWA,18,31.0
SWG,9,94.0
SWG,10,96.0
SWG,11,94.0
SWG,12,87.0
SWG,13,33.0
SWG,14,0.0
SWG,15,0.0
SWG,16,0.0
SWG,17,0.0
SWG,18,0.0
SWQ,9,71.0
SWQ,10,100.0
SWQ,11,99.0
SWQ,12,61.0
SWQ,13,29.0
SWQ,14,24.0
SWQ,15,9.0
SWQ,16,8.0
SWQ,17,12.0
SWQ,18,13.0
SWR,9,99.0
SWR,10,95.0
SWR,11,72.0
SWR,12,40.0
SWR,13,11.0
SWR,14,5.0
SWR,15,3.0
SWR,16,3.0
SWR,17,3.0
SWR,18,3.0
SXD,9,78.0
SXD,10,77.0
SXD,11,70.0
SXD,12,74.0
SXD,13,38.0
SXD,14,5.0
SXD,15,3.0
SXD,16,2.0
SXD,17,3.0
SXD,18,0.0
SXS,9,90.0
SXS,10,93.0
SXS,11,85.0
SXS,12,88.0
SXS,13,34.0
SXS,14,2.0
SXS,15,2.0
SXS,16,2.0
SXS,17,0.0
SXS,18,3.0
SYL,9,27.0
SYL,10,38.0
SYL,11,58.0
SYL,12,15.0
SYL,13,42.0
SYL,14,23.0
SYL,15,12.0
SYL,16,0.0
SYL,17,15.0
SYL,18,35.0
SZN,9,96.0
SZN,10,87.0
SZN,11,100.0
SZN,12,74.0
SZN,13,4.0
SZN,14,0.0
SZN,15,0.0
SZN,16,0.0
SZN,17,0.0
SZN,18,0.0
TAE,9,0.0
TAE,10,11.0
TAE,11,33.0
TAE,12,33.0
TAE,13,22.0
TAE,14,11.0
TAE,15,0.0
TAE,16,0.0
TAE,17,11.0
TAE,18,11.0
TAI,9,96.0
TAI,10,87.0
TAI,11,91.0
TAI,12,50.0
TAI,13,2.0
TAI,14,1.0
TAI,15,0.0
TAI,16,0.0
TAI,17,0.0
TAI,18,0.0
TAM,9,97.0
TAM,10,86.0
TAM,11,83.0
TAM,12,87.0
TAM,13,43.0
TAM,14,23.0
TAM,15,15.0
TAM,16,4.0
TAM,17,0.0
TAM,18,3.0
TAP,9,98.0
TAP,10,89.0
TAP,11,81.0
TAP,12,58.0
TAP,13,11.0
TAP,14,1.0
TAP,15,0.0
TAP,16,0.0
TAP,17,0.0
TAP,18,0.0
TAR,9,91.0
TAR,10,86.0
TAR,11,79.0
TAR,12,36.0
TAR,13,1.0
TAR,14,1.0
TAR,15,1.0
TAR,16,0.0
TAR,17,2.0
TAR,18,2.0
TAX,9,100.0
TAX,10,62.0
TAX,11,35.0
TAX,12,5.0
TAX,13,3.0
TAX,14,11.0
TAX,15,26.0
TAX,16,32.0
TAX,17,16.0
TAX,18,16.0
TAY,9,86.0
TAY,10,29.0
TAY,11,0.0
TAY,12,0.0
TAY,13,14.0
TAY,14,0.0
TAY,15,0.0
TAY,16,0.0
TAY,17,0.0
TAY,18,0.0
TBA,9,0.0
TBA,10,0.0
TBA,11,0.0
TBA,12,0.0
TBA,13,0.0
TBA,14,11.0
TBA,15,72.0
TBA,16,67.0
TBA,17,100.0
TBA,18,61.0
TCV,9,74.0
TCV,10,71.0
TCV,11,65.0
TCV,12,39.0
TCV,13,6.0
TCV,14,10.0
TCV,15,0.0
TCV,16,0.0
TCV,17,0.0
TCV,18,0.0
TDR,9,0.0
TDR,10,0.0
TDR,11,0.0
TDR,12,0.0
TDR,13,0.0
TDR,14,0.0
TDR,15,0.0
TDR,16,0.0
TDR,17,0.0
TDR,18,0.0
TFL,9,93.0
TFL,10,84.0
TFL,11,75.0
TFL,12,80.0
TFL,13,36.0
TFL,14,0.0
TFL,15,0.0
TFL,16,1.0
TFL,17,0.0
TFL,18,0.0
TGG,9,86.0
TGG,10,82.0
TGG,11,89.0
TGG,12,82.0
TGG,13,44.0
TGG,14,0.0
TGG,15,0.0
TGG,16,0.0
TGG,17,0.0
TGG,18,0.0
TGW,9,79.0
TGW,10,71.0
TGW,11,62.0
TGW,12,62.0
TGW,13,10.0
TGW,14,3.0
TGW,15,3.0
TGW,16,2.0
TGW,17,3.0
TGW,18,2.0
TGZ,9,100.0
TGZ,10,70.0
TGZ,11,40.0
TGZ,12,30.0
TGZ,13,20.0
TGZ,14,5.0
TGZ,15,10.0
TGZ,16,20.0
TGZ,17,0.0
TGZ,18,0.0
THA,9,94.0
THA,10,81.0
THA,11,71.0
THA,12,62.0
THA,13,41.0
THA,14,11.0
THA,15,4.0
THA,16,3.0
THA,17,4.0
THA,18,3.0
THD,9,100.0
THD,10,94.0
THD,11,87.0
THD,12,80.0
THD,13,53.0
THD,14,14.0
THD,15,3.0
THD,16,0.0
THD,17,0.0
THD,18,0.0
THT,9,79.0
THT,10,76.0
THT,11,70.0
THT,12,52.0
THT,13,30.0
THT,14,6.0
THT,15,3.0
THT,16,3.0
THT,17,6.0
THT,18,3.0
THY,9,93.0
THY,10,83.0
THY,11,74.0
THY,12,59.0
THY,13,19.0
THY,14,6.0
THY,15,4.0
THY,16,4.0
THY,17,4.0
THY,18,5.0
TLM,9,96.0
TLM,10,82.0
TLM,11,60.0
TLM,12,44.0
TLM,13,20.0
TLM,14,0.0
TLM,15,0.0
TLM,16,0.0
TLM,17,0.0
TLM,18,0.0
TNO,9,48.0
TNO,10,54.0
TNO,11,60.0
TNO,12,60.0
TNO,13,62.0
TNO,14,73.0
TNO,15,54.0
TNO,16,52.0
TNO,17,54.0
TNO,18,48.0
TOM,9,95.0
TOM,10,56.0
TOM,11,41.0
TOM,12,32.0
TOM,13,13.0
TOM,14,7.0
TOM,15,0.0
TOM,16,0.0
TOM,17,0.0
TOM,18,0.0
TPA,9,45.0
TPA,10,39.0
TPA,11,52.0
TPA,12,38.0
TPA,13,33.0
TPA,14,45.0
TPA,15,51.0
TPA,16,52.0
TPA,17,80.0
TPA,18,76.0
TPU,9,100.0
TPU,10,47.0
TPU,11,94.0
TPU,12,59.0
TPU,13,18.0
TPU,14,35.0
TPU,15,29.0
TPU,16,29.0
TPU,17,29.0
TPU,18,29.0
TRA,9,92.0
TRA,10,76.0
TRA,11,68.0
TRA,12,58.0
TRA,13,13.0
TRA,14,0.0
TRA,15,0.0
TRA,16,0.0
TRA,17,0.0
TRA,18,0.0
TSC,9,99.0
TSC,10,98.0
TSC,11,96.0
TSC,12,96.0
TSC,13,70.0
TSC,14,16.0
TSC,15,0.0
TSC,16,0.0
TSC,17,0.0
TSC,18,0.0
TTW,9,98.0
TTW,10,88.0
TTW,11,88.0
TTW,12,64.0
TTW,13,6.0
TTW,14,6.0
TTW,15,6.0
TTW,16,5.0
TTW,17,6.0
TTW,18,5.0
TUA,9,87.0
TUA,10,60.0
TUA,11,47.0
TUA,12,17.0
TUA,13,0.0
TUA,14,0.0
TUA,15,0.0
TUA,16,0.0
TUA,17,0.0
TUA,18,0.0
TUI,9,98.0
TUI,10,100.0
TUI,11,100.0
TUI,12,95.0
TUI,13,41.0
TUI,14,0.0
TUI,15,0.0
TUI,16,0.0
TUI,17,0.0
TUI,18,0.0
TUP,9,0.0
TUP,10,0.0
TUP,11,100.0
TUP,12,100.0
TUP,13,100.0
TUP,14,100.0
TUP,15,0.0
TUP,16,100.0
TUP,17,0.0
TUP,18,100.0
TUX,9,100.0
TUX,10,67.0
TUX,11,50.0
TUX,12,0.0
TUX,13,0.0
TUX,14,0.0
TUX,15,0.0
TUX,16,0.0
TUX,17,0.0
TUX,18,0.0
TVF,9,74.0
TVF,10,65.0
TVF,11,67.0
TVF,12,30.0
TVF,13,0.0
TVF,14,0.0
TVF,15,0.0
TVF,16,0.0
TVF,17,0.0
TVF,18,0.0
TVJ,9,98.0
TVJ,10,82.0
TVJ,11,79.0
TVJ,12,77.0
TVJ,13,57.0
TVJ,14,27.0
TVJ,15,4.0
TVJ,16,8.0
TVJ,17,5.0
TVJ,18,5.0
TVS,9,67.0
TVS,10,59.0
TVS,11,37.0
TVS,12,15.0
TVS,13,0.0
TVS,14,7.0
TVS,15,0.0
TVS,16,0.0
TVS,17,7.0
TVS,18,0.0
TWB,9,96.0
TWB,10,82.0
TWB,11,61.0
TWB,12,43.0
TWB,13,32.0
TWB,14,29.0
TWB,15,24.0
TWB,16,19.0
TWB,17,21.0
TWB,18,26.0
TWI,9,100.0
TWI,10,50.0
TWI,11,50.0
TWI,12,50.0
TWI,13,0.0
TWI,14,0.0
TWI,15,0.0
TWI,16,0.0
TWI,17,0.0
TWI,18,0.0
TYA,9,83.0
TYA,10,94.0
TYA,11,96.0
TYA,12,89.0
TYA,13,66.0
TYA,14,72.0
TYA,15,40.0
TYA,16,45.0
TYA,17,19.0
TYA,18,23.0
UAE,9,84.0
UAE,10,86.0
UAE,11,80.0
UAE,12,68.0
UAE,13,31.0
UAE,14,5.0
UAE,15,5.0
UAE,16,7.0
UAE,17,9.0
UAE,18,11.0
UAL,9,97.0
UAL,10,96.0
UAL,11,100.0
UAL,12,93.0
UAL,13,52.0
UAL,14,23.0
UAL,15,18.0
UAL,16,21.0
UAL,17,12.0
UAL,18,13.0
UBA,9,25.0
UBA,10,25.0
UBA,11,0.0
UBA,12,0.0
UBA,13,0.0
UBA,14,0.0
UBA,15,0.0
UBA,16,0.0
UBA,17,0.0
UBA,18,0.0
UBG,9,83.0
UBG,10,72.0
UBG,11,60.0
UBG,12,52.0
UBG,13,5.0
UBG,14,0.0
UBG,15,0.0
UBG,16,0.0
UBG,17,2.0
UBG,18,0.0
UCA,9,100.0
UCA,10,96.0
UCA,11,86.0
UCA,12,87.0
UCA,13,55.0
UCA,14,26.0
UCA,15,9.0
UCA,16,7.0
UCA,17,7.0
UCA,18,9.0
UEA,9,64.0
UEA,10,80.0
UEA,11,29.0
UEA,12,18.0
UEA,13,12.0
UEA,14,38.0
UEA,15,57.0
UEA,16,57.0
UEA,17,70.0
UEA,18,54.0
UIA,9,85.0
UIA,10,90.0
UIA,11,89.0
UIA,12,84.0
UIA,13,87.0
UIA,14,86.0
UIA,15,70.0
UIA,16,67.0
UIA,17,70.0
UIA,18,74.0
UPS,9,91.0
UPS,10,93.0
UPS,11,96.0
UPS,12,96.0
UPS,13,97.0
UPS,14,95.0
UPS,15,94.0
UPS,16,92.0
UPS,17,94.0
UPS,18,93.0
UTA,9,83.0
UTA,10,80.0
UTA,11,76.0
UTA,12,75.0
UTA,13,65.0
UTA,14,46.0
UTA,15,16.0
UTA,16,11.0
UTA,17,8.0
UTA,18,7.0
UTN,9,56.0
UTN,10,44.0
UTN,11,22.0
UTN,12,44.0
UTN,13,11.0
UTN,14,0.0
UTN,15,0.0
UTN,16,0.0
UTN,17,0.0
UTN,18,0.0
UTY,9,100.0
UTY,10,89.0
UTY,11,83.0
UTY,12,80.0
UTY,13,73.0
UTY,14,80.0
UTY,15,67.0
UTY,16,59.0
UTY,17,60.0
UTY,18,53.0
UZB,9,92.0
UZB,10,89.0
UZB,11,88.0
UZB,12,40.0
UZB,13,9.0
UZB,14,1.0
UZB,15,0.0
UZB,16,0.0
UZB,17,0.0
UZB,18,0.0
VDA,9,0.0
VDA,10,33.0
VDA,11,100.0
VDA,12,17.0
VDA,13,0.0
VDA,14,33.0
VDA,15,0.0
VDA,16,0.0
VDA,17,0.0
VDA,18,0.0
VIR,9,79.0
VIR,10,73.0
VIR,11,68.0
VIR,12,49.0
VIR,13,30.0
VIR,14,23.0
VIR,15,24.0
VIR,16,26.0
VIR,17,24.0
VIR,18,29.0
VIV,9,74.0
VIV,10,70.0
VIV,11,82.0
VIV,12,79.0
VIV,13,50.0
VIV,14,11.0
VIV,15,2.0
VIV,16,0.0
VIV,17,0.0
VIV,18,0.0
VJC,9,80.0
VJC,10,90.0
VJC,11,87.0
VJC,12,65.0
VJC,13,38.0
VJC,14,14.0
VJC,15,1.0
VJC,16,0.0
VJC,17,0.0
VJC,18,1.0
VKG,9,97.0
VKG,10,89.0
VKG,11,89.0
VKG,12,76.0
VKG,13,25.0
VKG,14,0.0
VKG,15,0.0
VKG,16,0.0
VKG,17,0.0
VKG,18,0.0
VLG,9,100.0
VLG,10,79.0
VLG,11,75.0
VLG,12,27.0
VLG,13,4.0
VLG,14,3.0
VLG,15,1.0
VLG,16,1.0
VLG,17,0.0
VLG,18,0.0
VOC,9,86.0
VOC,10,77.0
VOC,11,70.0
VOC,12,58.0
VOC,13,2.0
VOC,14,0.0
VOC,15,0.0
VOC,16,0.0
VOC,17,0.0
VOC,18,0.0
VOE,9,37.0
VOE,10,100.0
VOE,11,27.0
VOE,12,13.0
VOE,13,0.0
VOE,14,0.0
VOE,15,0.0
VOE,16,0.0
VOE,17,0.0
VOE,18,0.0
VOI,9,92.0
VOI,10,84.0
VOI,11,80.0
VOI,12,79.0
VOI,13,66.0
VOI,14,37.0
VOI,15,17.0
VOI,16,10.0
VOI,17,8.0
VOI,18,9.0
VOZ,9,98.0
VOZ,10,98.0
VOZ,11,96.0
VOZ,12,89.0
VOZ,13,54.0
VOZ,14,12.0
VOZ,15,8.0
VOZ,16,1.0
VOZ,17,4.0
VOZ,18,4.0
VPE,9,96.0
VPE,10,42.0
VPE,11,77.0
VPE,12,44.0
VPE,13,0.0
VPE,14,0.0
VPE,15,0.0
VPE,16,0.0
VPE,17,0.0
VPE,18,0.0
VSV,9,76.0
VSV,10,66.0
VSV,11,67.0
VSV,12,57.0
VSV,13,14.0
VSV,14,1.0
VSV,15,0.0
VSV,16,0.0
VSV,17,0.0
VSV,18,0.0
VTE,9,92.0
VTE,10,94.0
VTE,11,100.0
VTE,12,86.0
VTE,13,51.0
VTE,14,53.0
VTE,15,48.0
VTE,16,51.0
VTE,17,53.0
VTE,18,54.0
VTI,9,100.0
VTI,10,98.0
VTI,11,93.0
VTI,12,87.0
VTI,13,32.0
VTI,14,0.0
VTI,15,0.0
VTI,16,0.0
VTI,17,0.0
VTI,18,0.0
VVC,9,46.0
VVC,10,69.0
VVC,11,62.0
VVC,12,62.0
VVC,13,15.0
VVC,14,0.0
VVC,15,0.0
VVC,16,0.0
VVC,17,0.0
VVC,18,0.0
WAJ,9,57.0
WAJ,10,57.0
WAJ,11,71.0
WAJ,12,29.0
WAJ,13,0.0
WAJ,14,0.0
WAJ,15,0.0
WAJ,16,0.0
WAJ,17,0.0
WAJ,18,0.0
WEN,9,93.0
WEN,10,91.0
WEN,11,91.0
WEN,12,78.0
WEN,13,40.0
WEN,14,14.0
WEN,15,18.0
WEN,16,13.0
WEN,17,8.0
WEN,18,11.0
WGN,9,0.0
WGN,10,0.0
WGN,11,0.0
WGN,12,0.0
WGN,13,92.0
WGN,14,100.0
WGN,15,85.0
WGN,16,54.0
WGN,17,23.0
WGN,18,31.0
WIF,9,86.0
WIF,10,77.0
WIF,11,92.0
WIF,12,60.0
WIF,13,39.0
WIF,14,39.0
WIF,15,21.0
WIF,16,18.0
WIF,17,26.0
WIF,18,26.0
WJA,9,97.0
WJA,10,96.0
WJA,11,97.0
WJA,12,90.0
WJA,13,44.0
WJA,14,13.0
WJA,15,11.0
WJA,16,11.0
WJA,17,11.0
WJA,18,11.0
WLB,9,25.0
WLB,10,25.0
WLB,11,0.0
WLB,12,0.0
WLB,13,0.0
WLB,14,25.0
WLB,15,0.0
WLB,16,0.0
WLB,17,0.0
WLB,18,0.0
WON,9,55.0
WON,10,60.0
WON,11,100.0
WON,12,71.0
WON,13,38.0
WON,14,30.0
WON,15,18.0
WON,16,10.0
WON,17,9.0
WON,18,1.0
WRC,9,0.0
WRC,10,25.0
WRC,11,0.0
WRC,12,0.0
WRC,13,0.0
WRC,14,0.0
WRC,15,0.0
WRC,16,0.0
WRC,17,0.0
WRC,18,0.0
WSN,9,77.0
WSN,10,66.0
WSN,11,62.0
WSN,12,59.0
WSN,13,32.0
WSN,14,25.0
WSN,15,55.0
WSN,16,62.0
WSN,17,38.0
WSN,18,53.0
WSW,9,95.0
WSW,10,96.0
WSW,11,91.0
WSW,12,94.0
WSW,13,73.0
WSW,14,27.0
WSW,15,20.0
WSW,16,5.0
WSW,17,0.0
WSW,18,0.0
WUK,9,85.0
WUK,10,80.0
WUK,11,74.0
WUK,12,51.0
WUK,13,7.0
WUK,14,0.0
WUK,15,0.0
WUK,16,0.0
WUK,17,0.0
WUK,18,0.0
WZZ,9,93.0
WZZ,10,87.0
WZZ,11,80.0
WZZ,12,38.0
WZZ,13,7.0
WZZ,14,2.0
WZZ,15,0.0
WZZ,16,0.0
WZZ,17,0.0
WZZ,18,0.0
XAX,9,78.0
XAX,10,66.0
XAX,11,57.0
XAX,12,46.0
XAX,13,10.0
XAX,14,7.0
XAX,15,11.0
XAX,16,9.0
XAX,17,4.0
XAX,18,4.0
YZR,9,85.0
YZR,10,100.0
YZR,11,82.0
YZR,12,67.0
YZR,13,64.0
YZR,14,58.0
YZR,15,97.0
YZR,16,100.0
YZR,17,100.0
YZR,18,85.0
